"event_id","mu"
1,0.000333444004687331
2,0.000316358308715068
3,0.000338548503043164
4,0.000302068994806679
5,8.43052466055173e-05
6,0.000291274818567558
7,0.0001088502719268
8,0.000211259934076764
9,3.45046511711228e-05
10,5.92896962213084e-05
11,0.000214418219003922
12,0.000168173644619897
13,7.52756776709599e-05
14,0.000321941760121299
15,0.000124253781384717
16,9.96746637715052e-05
17,8.72634468818085e-05
18,0.000207256094453867
19,5.00488421059804e-05
20,4.2375761499407e-05
21,0.000177732567810617
22,3.18090336843301e-05
23,0.000331692671471168
24,0.000164802854283842
25,0.000166232701693123
26,0.000186511945552493
27,0.000273973641266419
28,0.00059675253572516
29,2.50876832382723e-05
30,0.000110441032997091
31,3.30794239995492e-05
32,4.33339516986768e-05
33,2.85786533623484e-06
34,2.14261862347319e-05
35,4.37533852292521e-05
36,4.01259656035885e-05
37,4.2239910521745e-05
38,4.97402599062938e-05
39,3.4782784490589e-05
40,8.61845787135185e-05
41,7.96007457408136e-05
42,8.58533388211341e-05
43,0.000149164040744349
44,0.00010699711858939
45,2.214073786947e-06
46,9.92545052986594e-06
47,0.000102861314280898
48,4.34293722666749e-05
49,0.000154144156442542
50,9.86460136809674e-05
51,1.29584611768963e-05
52,0.00027231794495121
53,0.00015081184938409
54,0.000100181405092758
55,0.000294869991426332
56,5.55461421147761e-05
57,7.74879291905999e-05
58,4.54838748635174e-05
59,5.03089677257311e-06
60,8.7401488847821e-05
61,0.000161281511681583
62,0.000156140940597003
63,5.82209983747364e-05
64,2.34687420490689e-06
65,4.1281910582463e-05
66,9.68524361227481e-06
67,3.63029447848361e-05
