"","1","2","3","4","5","6","7","8","9","10","11","12","13","14","15","16","17","18","19","20","21","22","23","24","25","26","27","28","29","30","31","32","33","34","35","36","37","38","39","40","41","42","43","44","45","46","47","48","49","50","51","52","53","54","55","56","57","58","59","60","61","62","63","64","65","66","67"
"1",0,0,0,0,0,0,0,0,0,0,0,0.0358548093920377,0.0338777143514992,0,0,0,0,0,0,0,0.0236552390550089,0,0,0,0,0,0,0,0,0,0,0,0,0,0,0,0,0,0.074340517813097,0,0,0,0,0,0,0,0,0,0,0,0,0,0,0,0,0,0,0,0,0,0,0,0.0372151778573665,0,0,0,0
"2",0,0.0569322413590649,0.0257446842535962,0,0,0,0.0484089583733197,0,0,0,0,0,0,0,0,0,0,0,0,0,0,0,0,0.0392010768608206,0,0,0,0,0,0,0,0,0.0700563955382962,0.0512047604808132,0,0,0,0,0,0,0,0,0.052352963460063,0,0,0,0,0,0,0.0687066803239116,0,0,0,0,0,0,0,0,0,0,0,0,0,0,0,0,0
"3",0.0647484073571669,0,0,0,0,0,0,0,0,0,0,0,0,0,0,0,0,0,0,0,0,0,0,0,0,0,0.0525137008877546,0,0,0.0661110963435482,0,0,0,0,0.0562852357568762,0,0,0,0.0715193315298076,0,0,0,0,0,0,0,0,0,0.0677265249767574,0,0,0,0,0,0,0,0,0,0.0244008748868372,0,0,0,0,0,0,0,0
"4",0,0,0,0,0,0,0.0348812502745831,0.0685536013409661,0,0,0,0,0,0.067274234004392,0,0,0,0,0,0,0,0,0,0,0,0,0,0,0.0265910621591812,0,0,0.0498973036761326,0,0,0,0,0,0,0,0,0,0,0,0,0,0.0500540723180446,0,0,0,0,0,0,0.0590253178181773,0,0,0,0,0.0675531891695885,0,0,0,0,0,0.0481583551351289,0,0.0289377421903069,0.0346666828352168
"5",0,0,0,0,0.037375567858674,0,0.0645613899747986,0,0,0,0.04556918424394,0,0,0,0.041204462449637,0,0,0,0,0,0,0,0,0,0,0,0,0,0,0,0,0.0460778693532655,0,0,0,0.0558979937600119,0.025305420264206,0.0476789055223217,0.0332497215786082,0,0,0,0.0323355214822481,0.0605065747383341,0,0,0.0229257180951204,0,0,0,0,0,0,0.0716677575528468,0,0,0,0,0,0,0,0,0,0.0390387169477846,0,0,0
"6",0.0721044514276794,0,0,0.0524317853319793,0,0,0,0,0,0,0,0,0,0.0409636127473552,0,0,0,0,0,0,0,0,0.0422309733546489,0,0,0,0.0499342258629505,0,0,0,0,0,0.032676248749967,0.0716111489805029,0,0,0,0,0,0,0.0254727377031826,0,0,0.0691372234105369,0,0,0,0,0,0,0,0,0,0,0.0490042654887235,0,0,0,0,0.0528154120194635,0,0,0,0,0.04994404858528,0,0
"7",0,0,0,0,0,0,0,0,0,0,0,0,0.0360971606765457,0,0,0,0,0,0,0,0,0,0,0,0,0,0,0.0695917243393166,0.0350720775508618,0,0,0,0,0,0,0,0,0,0.0511011856027757,0,0,0,0,0,0,0,0,0,0,0,0,0,0,0,0,0,0.0637770527170967,0,0,0,0,0,0,0.0708379460836013,0,0,0
"8",0,0,0,0,0,0,0,0.0618161204019328,0,0,0,0,0,0,0,0,0,0,0,0,0,0,0,0,0,0,0,0.0489476658334705,0,0,0.0561806201911562,0,0,0,0,0,0,0,0,0,0,0.0390697581066184,0,0,0,0,0,0,0,0,0,0.0696842758949883,0,0.0549325695806818,0,0,0,0,0,0,0,0,0,0,0,0,0
"9",0,0,0,0,0,0.0422422757187875,0,0.0471895874719082,0.0239404489277528,0,0,0,0,0,0.0465834250253281,0,0,0,0,0,0,0,0,0,0,0.0491506384669919,0,0,0,0,0,0,0,0,0.0270631972548225,0.0637156693705814,0,0.0412970019781697,0,0.0312766954528184,0,0,0,0,0,0,0,0,0,0.025490956753457,0,0,0,0,0,0,0,0,0,0,0,0,0.0435120819901221,0,0,0,0
"10",0,0,0,0,0,0,0,0,0,0,0,0.0393859791796862,0,0,0,0,0,0,0.0567132983979466,0,0,0.0651753294367069,0,0,0,0,0,0.0634464915768964,0,0,0,0.0223681911510422,0,0,0,0,0,0.0465927336664327,0,0,0,0,0.0346105391178684,0,0,0,0,0,0,0.0251894075629222,0,0,0,0,0,0,0,0.0415301325168767,0,0.0705785776487581,0,0.0281614710001732,0,0,0,0,0
"11",0.0542234016985744,0,0,0.0267501763726108,0,0.037133833408463,0,0,0,0,0,0,0,0,0.07267199821768,0,0,0,0.0470916690666663,0,0,0,0,0,0,0.0621869610501259,0,0,0,0.0332693802531201,0,0,0,0,0,0.0291771567025994,0.0607577165979727,0,0,0.0526225496297848,0,0,0,0,0,0,0,0,0.0737755983698275,0,0,0,0,0,0.0379640711729676,0,0,0.0649560101962195,0,0,0,0,0,0,0,0,0
"12",0,0,0.0303181772202395,0.0699447899087441,0.0587006405608881,0,0,0,0,0,0,0,0,0,0,0,0,0,0,0,0,0,0,0,0,0,0.0550127678553901,0,0,0.0619858578592024,0.0238895808237992,0,0,0,0,0,0,0,0,0,0,0,0,0,0,0,0,0,0,0,0,0,0,0,0,0.0300496041486723,0,0,0,0,0,0,0,0.0513484347999204,0,0,0
"13",0,0,0,0.0738159401030788,0,0,0,0,0,0,0,0,0.0572028897924276,0.0295429480298397,0,0,0,0,0,0,0.0485526262901014,0.064209446051492,0,0,0,0,0,0,0,0,0,0,0,0,0,0,0,0,0,0,0,0,0,0,0,0,0,0,0,0,0.0453834029355936,0,0.0483347764015375,0,0,0,0,0,0,0,0,0,0,0,0.0322962491924753,0,0
"14",0,0.0398891701339978,0,0,0,0,0,0,0.0624753371461699,0,0,0,0.0458966366116888,0,0,0,0,0,0,0,0,0,0,0,0.0323497952543327,0,0,0,0,0,0,0,0,0,0,0,0,0,0,0,0.070341609140668,0,0,0,0,0,0.0245843501431438,0,0,0,0,0,0,0,0,0,0,0.0691280130518104,0,0,0,0,0,0,0,0,0
"15",0,0,0,0,0,0,0,0,0,0,0,0,0.0490145721272415,0,0.0487409048577,0,0,0.0285434847511324,0,0,0,0,0,0,0,0,0,0,0,0,0.0655223886286352,0,0,0,0,0,0,0,0,0,0,0,0,0,0,0,0,0,0,0,0,0,0,0.0683322723169622,0.046969650352342,0,0,0,0,0.0641443204667603,0,0.0656249332911051,0,0,0,0,0
"16",0,0,0.0271514465206549,0.0457573150113641,0,0,0,0,0.0405622093531896,0,0,0,0,0.0716868228156111,0.0375119957901054,0,0,0,0,0.0242108419848646,0,0,0.0710244299469444,0,0,0,0,0,0,0,0,0,0.0698740817634527,0,0,0,0,0,0.0319479584215164,0.0526978088080169,0,0,0,0,0,0,0,0,0,0,0,0,0,0.0591125687950293,0,0.0672349170805701,0.0422729697063583,0,0,0,0,0,0,0,0,0,0.0727887316968983
"17",0,0,0,0.0261935410768809,0,0,0,0,0,0.0673794921230486,0,0,0,0,0,0.0742475799554405,0,0,0,0,0.0736555273473962,0,0,0,0,0.0224204940197833,0.061481023426722,0,0,0,0.0421121276061117,0,0,0,0,0,0,0,0.0237815632907067,0,0.0692451090703026,0.0376628657034863,0,0,0,0,0,0,0,0,0,0,0,0,0,0,0,0,0,0,0,0,0,0.0449658871113618,0.067142333707649,0,0.0692756155073972
"18",0.0378133327320089,0.0594192743966482,0.0568480447409719,0.0637892260890692,0,0.0381735520436962,0,0,0.0466949990684546,0.0579296252912277,0,0.0404505127304346,0,0,0.048408696315325,0,0,0.0350907047584977,0,0,0,0,0,0,0,0,0,0,0,0,0,0,0,0,0,0,0,0,0,0,0.0474419634739373,0,0,0,0,0.0344037570763818,0,0,0,0,0,0,0.0605978586821528,0,0,0,0,0,0,0,0.0589482936755242,0,0,0,0,0.0709129815084541,0
"19",0,0,0,0,0.0644847402892207,0.0397084785650803,0,0,0,0,0,0,0,0,0.0645941246762857,0,0,0,0.0284211616408545,0,0,0,0,0.0571162033014465,0,0,0,0.0680708298202265,0,0,0,0,0,0,0,0,0,0,0.037155393512903,0.0265301025688622,0.0399311051108525,0,0,0.0553076985963896,0,0,0,0,0,0,0,0,0,0,0,0,0,0.0441389141805483,0,0,0,0,0,0,0,0,0
"20",0.0631161980709098,0,0,0.0440717641975039,0.053399413915802,0,0.0296849322322059,0,0,0,0.0729198978886649,0,0,0.0256758351516795,0,0,0,0,0,0.0463137125584985,0.037274576616614,0,0,0,0,0,0,0,0,0,0,0,0,0,0,0,0,0,0,0.0681119028764188,0,0,0,0,0,0,0,0,0.0462127003357628,0,0,0,0,0,0,0,0,0,0,0,0,0,0,0,0,0,0
"21",0,0,0,0,0,0,0,0,0,0,0,0.0706655606269377,0,0.0386905344089278,0,0,0,0,0,0,0.0476974510061558,0,0,0,0,0,0,0,0,0,0.0611654002725418,0,0,0,0,0,0,0,0,0,0,0,0,0.0598748155514626,0,0,0.0456624678757676,0,0,0,0,0,0,0,0,0,0,0,0,0,0,0,0,0,0,0,0.033776941857585
"22",0,0,0,0.0354058855812336,0,0,0,0,0,0,0,0,0,0,0,0,0,0,0,0,0,0,0,0,0,0,0,0.069010952179291,0,0,0,0,0,0,0,0,0,0,0,0,0,0,0,0,0.0434109184076648,0,0,0,0,0.0622340454040106,0,0,0,0,0.0673448587979658,0,0.0248205662018335,0,0,0,0.0440163019086928,0,0,0,0,0.0510483456068676,0
"23",0,0,0,0,0,0.0500361327711907,0,0,0.0586334364557184,0,0,0,0,0,0,0,0,0,0,0,0,0,0,0,0.0330892369759562,0,0,0,0.0650082521517537,0,0,0,0,0,0,0.0597365616695115,0.0493635769579452,0,0.0302329355774048,0,0,0,0,0,0,0,0,0,0,0,0,0,0,0.0293906007585914,0,0,0,0,0,0,0,0.0263869267685911,0,0,0,0,0.0463336629336506
"24",0.0296752082539022,0,0,0,0,0,0,0,0,0,0,0,0,0,0,0,0.0727622844435036,0,0,0,0,0,0,0.0227250814235541,0,0,0,0.0303538676822433,0,0,0,0,0,0,0.0652972937980819,0,0,0,0,0,0,0,0,0.0305841370860754,0,0,0,0,0.0386859155745098,0,0,0,0,0,0,0,0.0402696008219015,0,0,0,0,0,0,0,0,0,0.0465033445072442
"25",0,0,0,0,0,0,0,0,0,0,0,0,0,0,0,0,0,0,0.0228111942807494,0,0,0,0,0,0,0,0.0663463858994839,0,0,0.0275678582778264,0,0,0.0632033620514566,0,0.024553521305833,0,0,0,0,0,0,0,0,0,0,0,0,0.0282082681484091,0,0,0,0.0677658351702409,0,0,0,0.0521936475794546,0,0,0,0,0,0.0659996126254502,0,0,0,0,0
"26",0,0,0.0646406931388004,0,0,0,0,0.0291485840107761,0,0.0400338712306116,0,0,0.0582367233784816,0,0.0404726774476548,0.0411127355061996,0,0,0,0,0.0225883091879352,0,0,0.0499616323717928,0.0295284938628192,0,0,0,0,0.0711961828975844,0,0,0.0353204738212,0,0,0,0,0,0,0,0,0,0,0,0,0,0,0,0.0236195198372091,0,0,0.0723399099345461,0,0,0,0,0,0,0,0,0,0,0,0.0424330683228897,0.0396965205031926,0.0554372850416754,0
"27",0,0,0.0596596316665552,0.0235851475860824,0,0,0,0,0,0,0,0,0,0,0,0,0,0,0,0,0,0,0,0.0479753162574404,0,0.0500316035814783,0.068266641227935,0,0,0.0650644063169199,0,0,0,0,0,0,0,0.0367457897845634,0,0,0,0.0446633135608969,0,0,0,0,0,0,0,0,0,0,0,0,0,0,0,0,0,0,0,0.0696108687139283,0,0.0498874380205616,0.0438994303482002,0,0
"28",0.0490765575474743,0,0,0,0,0,0,0,0,0.0241738597595408,0,0.0532801776375584,0,0.0397785143082629,0,0.060557998763378,0,0,0,0,0,0,0,0,0,0,0,0,0,0.05687655429639,0,0,0,0,0,0,0,0,0.0453535042334758,0.0388451668487292,0,0,0,0,0,0,0,0,0,0,0,0,0,0,0,0,0,0,0,0,0,0.0236469938681104,0,0,0,0,0
"29",0.0387296652644058,0,0,0,0,0,0,0,0.0710677779789932,0,0,0,0,0,0,0,0,0,0,0.0363644179183664,0,0,0,0,0.0338241654104176,0,0,0.0516237896106944,0,0.0384742623352134,0.0647620719971828,0,0,0.0392700924353487,0,0,0,0,0,0,0.0739532717707405,0,0,0,0,0,0,0,0.0530567951071358,0,0,0.0322884872414423,0.0460414566068977,0,0,0,0,0,0,0,0.055882166348842,0,0,0,0,0.0564843331854781,0
"30",0,0,0.05691041690054,0,0,0,0,0,0,0.0390308242896929,0,0,0,0,0,0,0,0,0,0,0,0,0.0343113181263173,0.049631971141006,0,0,0,0,0,0.0449372634074612,0,0,0,0.0540869145668922,0.030540406177954,0,0,0,0,0.0627321194181215,0,0,0,0,0,0,0,0,0,0,0,0,0.0454079684276844,0,0,0,0,0,0.0374846742730452,0,0,0.0515941943812347,0,0,0,0,0
"31",0,0,0.0542889163916234,0,0.0271153190118587,0,0,0,0,0,0,0,0,0,0,0,0,0,0,0,0,0,0,0,0,0,0,0,0,0,0.0573511534855366,0,0,0,0,0,0,0,0,0,0.0268490063863922,0.0476813283955416,0,0,0,0,0,0,0,0,0,0,0,0,0,0,0.0466726310804373,0,0,0,0,0.043118970591508,0.0616508469327041,0,0,0.0671010578301585,0
"32",0,0,0,0,0,0,0,0,0,0.0595611436608711,0,0,0,0,0,0,0,0,0,0,0,0,0,0,0,0,0,0,0,0,0,0.054277467794483,0,0,0,0,0,0,0,0,0,0.0557764125176819,0,0.0225265543729065,0,0,0,0.0538793421965916,0,0,0,0,0,0.0449728554534521,0,0,0,0,0,0,0,0.0665374060351879,0,0,0,0,0
"33",0,0,0.039676503529277,0,0,0,0,0,0,0,0,0,0,0,0,0,0,0,0,0,0.0478909909125145,0,0,0,0,0.0527384924400277,0,0,0,0,0,0,0.072264627771115,0.0561705057560379,0,0,0,0,0,0.0658052653943509,0,0.0565174877191556,0,0.0289324186019911,0,0,0,0,0,0,0,0,0.0622300793273745,0,0,0,0,0,0,0,0,0.039878132743524,0,0.0294858136406989,0,0.0696830210756376,0
"34",0.0253936124679458,0.0278454867038109,0,0,0,0,0,0,0.0454305960439714,0,0,0.0477991133747189,0,0,0,0,0,0,0.0425345892450094,0,0,0,0.0249605907580594,0,0,0,0,0,0,0,0,0.0623766578968275,0,0.073000759356824,0,0,0,0,0,0.0691035936712351,0,0,0,0.0353195099128289,0,0,0,0,0,0,0,0,0,0,0,0,0,0,0,0,0.0459408509864996,0,0.0494051699995943,0,0,0,0
"35",0,0,0,0,0,0,0,0,0,0,0,0,0,0.0244936543871639,0,0,0,0,0,0.0339143853290448,0,0,0,0.069859701605857,0,0,0,0,0,0.0525949481476563,0.0568341333623778,0,0,0.0539272479797709,0.0446272416077638,0,0,0,0,0.0516367184449264,0,0,0,0,0,0,0,0,0,0,0.0618013897686481,0,0,0,0,0,0,0,0,0,0,0.0425739958621313,0,0.0489766014290265,0,0.0282163656444707,0
"36",0,0,0.074095146173832,0,0,0,0,0,0,0,0,0,0,0,0,0,0,0,0,0,0,0,0,0.0643352675649295,0,0,0,0,0,0.0370124191611353,0,0,0,0,0,0,0,0,0,0,0,0,0,0,0,0,0.0740469388860719,0,0,0,0,0,0,0,0.0507067688951245,0,0.0402022773321916,0,0,0,0,0,0,0,0,0,0.029246423061198
"37",0,0.05840816528787,0,0.0263062918479951,0,0,0,0.0541664910506643,0,0,0,0,0,0,0,0,0,0.0626450181001836,0,0,0.0637798935880647,0,0.0695158794880111,0,0,0,0,0,0.06227440703671,0,0,0,0.0623646118060014,0,0,0,0,0,0,0.0728298179707949,0.026493976323523,0,0,0,0,0,0.0715854879982813,0,0.0568121409855551,0.0603351345661992,0.0307740054713652,0,0,0,0,0,0,0,0,0,0,0,0,0,0.0518779433696469,0.056579563039215,0
"38",0,0,0,0.0548995686056271,0.0231578053584877,0,0,0,0.0323588840417666,0,0,0,0,0,0,0,0,0,0,0,0,0,0,0.0686924512952138,0,0,0,0,0,0,0,0,0,0,0,0,0,0,0,0,0,0,0,0,0.0304982479822595,0,0,0,0.0729557725116785,0,0,0,0.030766812646978,0.0516952190806085,0,0,0,0.0269364847612111,0,0,0,0.0697312580181918,0,0,0,0,0
"39",0,0,0,0,0,0,0,0,0,0,0.0525574036718086,0,0,0,0.0341702665860581,0,0,0,0.0271076531564513,0,0,0,0,0,0,0,0,0,0,0,0,0,0,0.0443507552132934,0.0513509673873747,0,0,0,0.0634520604702527,0,0,0,0.0268295990547876,0,0,0,0,0,0,0,0.0492633510185311,0,0,0,0,0.0448124466339242,0,0,0,0,0,0,0,0,0,0,0
"40",0,0,0,0,0,0,0,0,0.0276051546301526,0,0,0,0,0,0,0,0,0,0.0325048275296874,0,0,0,0.0447935919311323,0.046358163345556,0,0,0,0,0,0,0,0.0406774971460064,0,0,0.0303639328425378,0,0,0,0,0.0393120072090396,0,0,0,0,0,0,0.0707631996137995,0,0,0,0,0,0,0,0,0,0,0,0,0.0628329039027287,0,0,0.0730110350770909,0,0,0,0
"41",0,0,0,0,0,0.0711113637474891,0.0608284946221565,0,0,0,0,0,0,0,0.0529015936135803,0,0,0,0,0.0322774319560436,0,0,0,0,0,0,0,0,0,0.0556401834227994,0,0,0.050532330588068,0.0617591173029847,0,0,0,0,0,0.0253117801788479,0.0484926920073054,0,0.0418974491161623,0.0738262578818861,0,0,0,0.042619023708887,0,0,0,0,0,0.0542871744124013,0.0560687001430348,0,0,0,0,0,0,0,0,0,0,0.0548131344051461,0
"42",0,0,0,0,0,0,0,0,0,0,0,0,0,0,0.0227579424707435,0,0,0,0,0,0,0,0,0,0,0,0,0,0,0.0721047399939743,0,0.0594364329812782,0,0,0,0,0,0,0,0,0.0229895397314611,0,0,0,0,0,0,0,0.0458945159476699,0.0576574317835605,0,0,0,0,0.060884858727715,0,0,0,0,0,0,0,0,0,0,0.0404333683353989,0
"43",0,0,0,0,0,0.0431774280874219,0,0,0,0,0,0,0.0375445046243524,0.0247945438344573,0,0,0,0,0,0.0452855670316655,0,0.034952351573684,0,0,0,0.0742187171058524,0,0,0,0,0,0,0,0,0.0241695224452151,0,0,0,0,0,0.0572098311402726,0,0.0505493339375649,0,0,0,0,0,0,0,0,0.041480828694204,0,0,0,0,0,0,0,0,0,0.0249975524643552,0,0,0,0,0
"44",0,0,0,0,0,0,0,0,0,0,0.0282090250077605,0.0727559537098595,0,0,0,0,0,0,0,0,0,0.0734024082990026,0,0.0667334245162133,0,0.0311189156443832,0,0,0,0,0,0,0.0613629729636378,0,0,0,0,0.0567408827626621,0,0,0.0240526049993651,0,0,0,0,0,0,0,0.0632562654388911,0,0,0,0,0,0,0,0.03066696875753,0,0,0,0.0621261085620869,0,0,0,0,0,0
"45",0.0499905937467316,0,0,0,0,0,0,0,0,0,0,0,0,0,0,0,0,0.0355178182639253,0,0,0,0,0,0,0,0.0413355412198966,0,0,0.0326222034160589,0,0,0,0,0.0234708776901271,0,0,0,0,0,0,0,0,0,0,0,0,0,0,0,0,0,0,0,0.0293503648763117,0,0,0,0,0,0,0,0.0289003450894318,0,0,0,0.0549515980452603,0.0387364725521715
"46",0.0542848228273141,0.0284139307912704,0,0,0,0,0,0,0,0,0,0,0.0445830297234213,0,0.030873834551639,0,0,0,0,0.0276196778864047,0.0653848853251962,0,0,0,0,0,0,0,0,0,0,0,0,0,0,0,0,0,0,0.0257215128526956,0,0,0,0,0,0.0505276271627726,0,0,0,0,0,0,0,0,0.0680587742291755,0,0,0,0.0626056041817379,0,0,0,0,0,0,0,0
"47",0,0,0.0476739565854591,0,0,0,0,0,0,0,0,0.039738775268309,0,0.0508388804200143,0,0,0,0,0,0,0.0266975203311859,0,0,0,0,0,0,0,0,0,0.0647374709946605,0,0,0,0,0,0,0.0506194928192128,0,0,0,0,0,0,0.0579005775517123,0.0355993962701487,0.0314399967992688,0,0,0,0,0,0,0,0,0.0498760984694812,0.0285205609756597,0,0.0518611422583141,0,0,0,0,0.0252086668270826,0,0.054541325571548,0
"48",0,0,0,0.0299915349957123,0,0,0.0582769233737223,0,0,0,0,0.05096365496493,0.0725920394045235,0,0.0549391011675467,0,0.0613204045210181,0,0,0,0,0,0,0,0,0,0,0,0,0,0,0,0,0,0,0,0,0,0,0,0.0305156801174836,0.072457385937738,0.0710142700638191,0,0,0,0,0.0457298552672461,0,0,0,0,0.0562441494586823,0,0,0,0.0236900743266888,0,0,0,0,0,0,0,0,0,0
"49",0,0.0740306140858882,0,0.0477055742816001,0,0,0,0,0,0,0,0,0,0,0,0.0632247950691282,0,0,0,0,0,0.0457328949261686,0,0,0,0,0,0,0,0.0462277171299146,0,0,0,0,0.0576370672982204,0,0,0,0,0,0,0,0,0,0,0,0,0,0,0,0,0,0,0.065896377617352,0,0,0,0,0,0,0.0465651667835888,0,0,0.0559164226291924,0,0,0
"50",0,0,0,0,0,0,0,0,0.0606056234638154,0,0,0,0,0,0,0,0,0,0,0,0,0,0,0.0583517141738576,0,0,0,0,0.034237633543549,0,0,0,0,0,0,0.0695993970222514,0,0,0,0.0284108519894774,0,0,0,0,0,0,0,0.0713816709867124,0,0.0501877902556476,0,0,0,0.0498740567350804,0,0,0,0,0,0,0,0.0444450851333197,0,0,0,0.050006935931598,0
"51",0,0.0700109719500739,0,0,0,0,0,0,0,0.0579799404140584,0,0,0.0416432817021551,0,0,0,0,0,0,0,0,0,0,0,0,0,0.0367130962061726,0,0,0.0443792728961417,0,0,0,0.071171868481131,0,0,0,0,0,0,0.042041330131979,0,0,0,0,0,0,0,0,0.0647534900139473,0,0,0,0.037469078937063,0,0,0,0,0,0,0,0,0,0,0,0,0
"52",0,0,0,0,0,0,0,0,0,0,0,0,0,0,0,0,0,0,0.0302512133662821,0,0,0,0,0,0,0,0,0.0586798317395805,0,0,0,0,0,0,0,0,0,0,0,0,0,0,0,0,0,0,0.0430441287307009,0,0,0,0,0,0,0,0.0621413553783087,0,0,0,0,0,0,0,0,0,0.0509011057270007,0,0
"53",0,0,0,0,0,0,0,0,0,0.0579186807405478,0.0678500247056853,0,0,0,0,0.0439142904129381,0,0,0,0,0,0,0,0,0,0,0.0660688803446949,0,0,0.0482765437402306,0,0,0,0,0,0,0,0,0,0,0,0.0698262204320931,0,0,0.065899794418196,0,0,0,0.0713529845230138,0.068131613146142,0.055161481059781,0,0.0617883418171458,0,0,0,0,0,0,0,0,0,0,0,0.0490138925817411,0,0
"54",0,0,0.0249248952786734,0,0,0,0,0,0,0,0,0.0456974430388669,0,0,0,0,0,0.0480927519757911,0,0,0,0,0,0,0,0,0,0,0,0,0.0443666172966396,0,0,0,0,0,0.0603556127262255,0,0.0711194788833545,0,0.0551779309300614,0,0,0,0,0.0738102169100334,0,0,0,0.0552372690555204,0,0,0,0.0692872437827046,0,0,0,0,0.0408842988804146,0,0,0,0,0,0,0,0
"55",0,0.062778484184637,0.0496724212399941,0,0,0,0,0,0,0,0.0737195388181547,0.0593103993528443,0,0,0,0,0,0.0456802114409993,0.0613890699114242,0,0,0,0,0,0,0,0,0,0,0,0,0,0,0.0261540945758223,0,0,0,0,0.0497825624013701,0,0.0231514116220732,0.0303577745950746,0.0405223724196137,0,0,0.0633088709541837,0,0,0.0393522346844706,0,0,0,0,0,0,0,0,0,0.0278352857218865,0,0,0,0,0,0,0,0
"56",0,0,0,0,0,0,0,0,0,0,0,0,0,0,0,0,0,0,0,0,0,0,0,0,0,0,0.0414065809983594,0,0,0,0,0,0,0,0,0,0,0,0,0,0,0.0296044555110076,0,0,0,0,0,0,0,0.0412387776265225,0,0,0,0,0,0,0.0365905374490113,0,0,0,0,0,0,0.0412613599648833,0,0,0
"57",0,0,0,0,0,0,0,0,0,0,0.0544162067102962,0.0284595544187557,0,0,0.0570637067714708,0,0,0,0,0,0,0,0,0,0,0.0682822221192017,0,0,0,0,0,0,0,0,0.0553224960714103,0,0,0,0.037176381222717,0.0263960294904981,0,0.0430790812973574,0,0,0,0,0,0,0,0,0.0483175138003783,0.0319587061766163,0,0.0263218651220739,0,0,0.0230237676447716,0,0,0,0,0,0,0,0,0,0
"58",0.072606839284972,0,0.0533678778705711,0,0,0,0,0,0,0.0744089817185538,0,0,0,0,0,0.0622280486482226,0,0.049942457467686,0.03559552123531,0,0,0,0,0,0,0.069346414500108,0,0.0710967242167449,0,0,0,0,0,0.056571338553574,0,0,0,0.058868220264386,0,0,0.041448929599457,0,0,0,0,0,0,0,0.0241971022177504,0,0,0,0,0,0,0,0,0,0,0,0.0681718340005723,0,0,0.0683906134897896,0,0,0
"59",0,0.035631725997214,0,0,0,0.073603583616314,0,0,0,0,0,0,0,0,0,0,0,0,0,0,0,0.0400978802473477,0,0,0,0,0,0,0,0,0,0,0,0,0,0,0,0.0329458628736755,0,0,0,0.0635197026912939,0.0307827004368152,0.0263294010722318,0,0,0.0494117917657042,0,0,0.0486119852261554,0,0,0.0535044973129306,0,0,0,0,0,0,0.0446445225290498,0,0,0.0425738940809491,0,0,0,0
"60",0,0,0,0,0,0.0277563029535777,0,0,0.04456848958058,0,0,0,0,0,0,0,0,0.0678277497396913,0,0,0,0,0,0.0432552877274774,0,0,0,0,0,0,0,0,0,0,0,0,0.025536550240203,0.0597785670476493,0.052517468152139,0,0,0,0,0,0,0,0,0,0,0,0,0,0,0,0,0,0,0.0590813628157971,0,0,0,0,0,0.0420995636072438,0,0,0
"61",0,0,0,0,0,0,0,0,0,0,0,0,0,0,0.0547984743918198,0,0,0,0,0,0,0.060457083438077,0,0,0,0,0,0,0,0,0,0.053903078156255,0.0331273339591304,0.0469248105177102,0,0,0,0,0,0,0,0,0.0692930400740278,0,0,0,0,0.052976586639731,0,0,0,0,0.0482673949385881,0,0,0,0,0.0701266084691776,0,0,0,0,0,0,0,0,0
"62",0,0.0419162430272336,0,0,0,0.0674191032136816,0.0399456368954395,0,0,0,0,0.0292513118623658,0,0.0467807957819757,0,0,0.0635924483675619,0,0,0,0,0,0.0507980878269838,0,0,0,0,0,0,0,0,0,0,0,0,0,0,0,0,0,0,0,0.029559380527586,0,0,0.0438794622725012,0,0,0,0,0.0394451070367399,0,0,0,0.0743725661294077,0,0,0,0,0,0,0,0,0.0667544421480913,0,0,0
"63",0,0,0.0322426687257113,0,0,0,0,0,0,0,0,0,0,0.0528428328758323,0,0,0,0,0.0589950353774346,0,0,0,0,0,0.0666812656937215,0,0,0,0,0.0685483571682134,0,0,0.0423310793263889,0.0696322328731921,0,0.048696119716179,0,0,0,0,0,0.0706874593135627,0,0,0,0,0,0,0.0225643567154732,0,0,0,0,0,0,0,0,0,0,0,0,0,0.0591491331926858,0,0,0,0
"64",0,0,0,0,0,0,0,0,0,0,0.051143297159898,0,0,0,0,0,0,0,0,0,0,0.0244076371396492,0,0.055850709792066,0.0272710498088665,0,0,0,0,0,0,0,0,0,0.0706851723470131,0,0,0,0,0,0,0,0,0,0,0,0,0,0,0,0,0,0,0,0,0,0,0,0.0487378573629142,0,0,0,0,0,0,0,0
"65",0,0,0,0,0,0.0742156074344027,0,0.0279284509046181,0,0,0,0,0,0,0,0.0499713237431864,0,0.0236021406456937,0,0,0,0,0,0,0.0341419536075447,0,0,0,0,0,0,0.0277978553823727,0,0.0517577953613776,0,0,0,0,0,0,0,0,0,0,0,0,0,0,0,0,0,0,0,0,0,0.0235897735760406,0,0.0283780695317446,0,0.0679917997208738,0,0,0,0,0,0,0
"66",0.0517800763166438,0.0596092570276096,0,0,0,0,0,0,0,0,0,0,0,0,0,0,0,0,0,0,0,0.0463396076204309,0,0.0285735565468624,0,0,0,0,0,0,0,0,0.0615446983805618,0,0,0.0598206557653562,0,0,0,0,0.0446158093748217,0.0421447035007699,0,0.0556103907174367,0,0,0,0,0,0,0,0,0,0.0465324164589697,0,0,0,0,0,0.0711529918500706,0,0,0,0,0,0,0
"67",0,0.0505886129819734,0,0,0,0,0,0,0,0,0,0,0.0443498200971641,0,0,0,0,0,0.0250329980100746,0,0,0,0,0,0,0,0,0,0.0403445881503469,0,0,0,0,0,0,0,0,0,0.0392227572609476,0,0.0633950588291397,0,0.0727951225662372,0,0,0,0,0.0245432774028157,0,0,0,0,0,0,0,0,0,0,0,0,0,0.038688459545226,0,0,0,0,0.0467991163704596
