"person_id","sex","birth_date"
"P000001","F",1949-09-03
"P000002","M",1921-10-08
"P000003","F",1931-07-11
"P000004","F",1947-02-14
"P000005","M",1923-07-26
"P000006","M",1941-08-07
"P000007","M",1968-08-06
"P000008","M",1975-09-10
"P000009","M",1967-02-17
"P000010","F",1969-11-20
"P000011","M",1964-08-11
"P000012","F",1942-04-01
"P000013","M",1953-03-04
"P000014","M",1928-03-10
"P000015","F",1957-04-11
"P000016","F",1971-07-31
"P000017","F",1941-04-15
"P000018","M",1955-10-07
"P000019","F",1971-03-17
"P000020","M",1945-04-17
"P000021","F",1939-03-14
"P000022","F",1943-05-20
"P000023","F",1949-07-05
"P000024","M",1941-10-13
"P000025","F",1948-08-15
"P000026","M",1948-03-14
"P000027","M",1934-10-05
"P000028","M",1924-10-16
"P000029","M",1931-04-09
"P000030","M",1969-04-05
"P000031","M",1950-11-11
"P000032","F",1973-11-03
"P000033","M",1925-04-22
"P000034","M",1922-01-08
"P000035","F",1949-10-24
"P000036","M",1956-12-05
"P000037","M",1968-03-29
"P000038","M",1941-10-30
"P000039","M",1934-11-25
"P000040","F",1925-02-02
"P000041","M",1944-05-06
"P000042","M",1951-06-30
"P000043","F",1930-07-12
"P000044","F",1958-07-09
"P000045","M",1967-08-27
"P000046","F",1955-11-11
"P000047","M",1961-04-08
"P000048","F",1928-04-29
"P000049","M",1942-10-17
"P000050","F",1930-11-30
"P000051","M",1920-05-03
"P000052","M",1954-08-07
"P000053","F",1963-04-30
"P000054","M",1927-10-16
"P000055","F",1950-08-20
"P000056","M",1943-01-31
"P000057","M",1921-01-03
"P000058","F",1967-03-30
"P000059","F",1951-05-03
"P000060","F",1964-12-17
"P000061","F",1922-10-29
"P000062","M",1962-10-23
"P000063","M",1963-09-30
"P000064","F",1935-06-28
"P000065","M",1928-06-11
"P000066","M",1964-04-26
"P000067","M",1932-10-08
"P000068","F",1940-06-15
"P000069","M",1931-01-13
"P000070","F",1938-06-28
"P000071","F",1961-04-22
"P000072","M",1966-06-19
"P000073","M",1958-07-21
"P000074","F",1939-02-21
"P000075","M",1932-08-12
"P000076","M",1966-01-11
"P000077","M",1974-01-11
"P000078","F",1949-09-20
"P000079","M",1961-11-07
"P000080","M",1937-12-26
"P000081","M",1948-01-28
"P000082","M",1955-09-11
"P000083","F",1927-07-18
"P000084","F",1961-08-12
"P000085","M",1931-05-08
"P000086","F",1963-11-28
"P000087","M",1956-08-16
"P000088","M",1967-09-16
"P000089","M",1964-11-10
"P000090","M",1930-08-18
"P000091","F",1970-03-22
"P000092","F",1959-07-24
"P000093","F",1965-08-08
"P000094","M",1972-05-05
"P000095","M",1931-07-16
"P000096","M",1962-01-20
"P000097","M",1939-05-31
"P000098","F",1963-05-21
"P000099","F",1961-04-20
"P000100","M",1975-01-30
"P000101","M",1947-01-19
"P000102","F",1922-11-21
"P000103","F",1970-09-12
"P000104","M",1966-07-23
"P000105","F",1937-05-05
"P000106","M",1950-01-08
"P000107","F",1938-03-27
"P000108","F",1927-02-10
"P000109","M",1949-02-05
"P000110","M",1940-09-14
"P000111","F",1942-08-01
"P000112","M",1941-09-02
"P000113","M",1924-09-15
"P000114","F",1944-10-25
"P000115","F",1968-03-22
"P000116","F",1972-10-19
"P000117","F",1972-09-06
"P000118","M",1943-09-17
"P000119","M",1970-10-02
"P000120","M",1942-02-23
"P000121","F",1921-02-18
"P000122","F",1974-03-31
"P000123","F",1936-02-28
"P000124","M",1937-02-09
"P000125","F",1966-01-08
"P000126","F",1930-09-14
"P000127","M",1975-01-23
"P000128","M",1972-08-11
"P000129","M",1973-10-01
"P000130","M",1928-10-18
"P000131","M",1936-05-29
"P000132","F",1929-07-14
"P000133","F",1935-07-03
"P000134","M",1948-06-09
"P000135","F",1941-07-17
"P000136","F",1938-10-21
"P000137","M",1942-04-17
"P000138","M",1972-12-07
"P000139","M",1950-04-14
"P000140","F",1921-09-25
"P000141","M",1930-08-27
"P000142","F",1939-01-11
"P000143","F",1942-01-16
"P000144","M",1949-12-09
"P000145","F",1928-01-19
"P000146","F",1935-12-16
"P000147","F",1957-02-03
"P000148","F",1944-10-03
"P000149","F",1929-12-18
"P000150","F",1970-01-02
"P000151","M",1931-11-24
"P000152","M",1973-07-28
"P000153","F",1933-06-19
"P000154","M",1933-08-25
"P000155","F",1964-07-01
"P000156","M",1941-03-24
"P000157","F",1935-10-21
"P000158","F",1955-11-18
"P000159","M",1935-07-29
"P000160","F",1939-08-09
"P000161","M",1926-07-16
"P000162","M",1948-08-14
"P000163","F",1950-02-11
"P000164","M",1940-08-05
"P000165","M",1971-03-04
"P000166","F",1939-09-16
"P000167","M",1925-10-15
"P000168","M",1942-06-11
"P000169","F",1963-01-13
"P000170","M",1946-05-03
"P000171","M",1941-03-21
"P000172","M",1974-03-21
"P000173","M",1936-12-30
"P000174","M",1950-10-01
"P000175","F",1946-12-16
"P000176","M",1942-07-19
"P000177","M",1938-12-17
"P000178","M",1970-01-28
"P000179","M",1932-03-16
"P000180","F",1920-08-23
"P000181","M",1928-11-21
"P000182","M",1939-05-25
"P000183","F",1966-09-24
"P000184","M",1940-04-08
"P000185","F",1936-06-20
"P000186","M",1943-08-24
"P000187","M",1965-11-09
"P000188","M",1921-01-22
"P000189","M",1952-10-10
"P000190","M",1959-10-11
"P000191","M",1953-12-15
"P000192","F",1920-03-06
"P000193","F",1972-03-15
"P000194","F",1951-01-20
"P000195","M",1930-11-13
"P000196","M",1967-10-31
"P000197","M",1935-06-08
"P000198","F",1927-01-29
"P000199","M",1921-09-05
"P000200","F",1952-09-14
"P000201","M",1958-04-20
"P000202","F",1935-11-15
"P000203","F",1951-04-30
"P000204","F",1958-06-23
"P000205","M",1950-11-12
"P000206","F",1944-11-06
"P000207","M",1963-04-08
"P000208","F",1973-07-16
"P000209","M",1948-12-07
"P000210","F",1937-01-25
"P000211","F",1954-08-13
"P000212","M",1934-05-09
"P000213","M",1960-09-29
"P000214","M",1942-07-22
"P000215","M",1971-03-12
"P000216","M",1961-12-05
"P000217","F",1927-12-10
"P000218","M",1966-07-23
"P000219","F",1962-08-23
"P000220","F",1950-11-17
"P000221","F",1972-12-23
"P000222","F",1922-10-08
"P000223","F",1953-12-24
"P000224","M",1961-09-12
"P000225","F",1957-08-27
"P000226","F",1952-09-18
"P000227","M",1931-12-06
"P000228","F",1965-05-05
"P000229","F",1929-08-06
"P000230","F",1958-05-05
"P000231","M",1975-03-28
"P000232","M",1938-03-02
"P000233","M",1959-09-12
"P000234","M",1947-02-22
"P000235","F",1941-10-19
"P000236","F",1967-11-01
"P000237","F",1963-11-23
"P000238","F",1945-11-23
"P000239","F",1949-07-27
"P000240","M",1939-08-13
"P000241","M",1969-06-30
"P000242","M",1959-04-19
"P000243","F",1946-07-08
"P000244","M",1965-09-30
"P000245","M",1936-10-02
"P000246","F",1942-03-20
"P000247","M",1935-02-25
"P000248","F",1922-07-25
"P000249","M",1920-07-22
"P000250","F",1954-10-20
"P000251","M",1971-06-22
"P000252","M",1931-02-13
"P000253","M",1924-05-26
"P000254","F",1964-07-17
"P000255","M",1938-06-05
"P000256","M",1964-09-18
"P000257","M",1958-02-25
"P000258","F",1924-09-28
"P000259","F",1945-03-05
"P000260","M",1921-02-26
"P000261","M",1958-11-20
"P000262","M",1948-03-06
"P000263","M",1957-02-09
"P000264","F",1936-12-05
"P000265","M",1931-09-22
"P000266","F",1960-07-30
"P000267","F",1920-09-21
"P000268","M",1946-07-13
"P000269","F",1969-07-31
"P000270","M",1943-06-15
"P000271","M",1921-06-09
"P000272","F",1964-02-21
"P000273","M",1954-10-22
"P000274","M",1950-04-09
"P000275","F",1937-07-21
"P000276","M",1931-12-20
"P000277","F",1955-04-28
"P000278","M",1952-07-04
"P000279","F",1925-09-08
"P000280","M",1963-04-08
"P000281","M",1950-09-30
"P000282","F",1958-08-23
"P000283","M",1933-05-31
"P000284","M",1950-09-05
"P000285","F",1930-08-17
"P000286","F",1964-07-17
"P000287","M",1922-10-09
"P000288","M",1963-06-26
"P000289","M",1964-04-16
"P000290","M",1938-07-24
"P000291","M",1928-05-30
"P000292","F",1951-04-19
"P000293","F",1971-04-13
"P000294","F",1932-08-12
"P000295","F",1929-09-26
"P000296","M",1957-09-04
"P000297","F",1973-03-11
"P000298","F",1965-06-27
"P000299","F",1964-05-22
"P000300","F",1938-12-03
"P000301","M",1969-12-16
"P000302","M",1961-04-09
"P000303","F",1948-04-11
"P000304","M",1921-08-08
"P000305","M",1959-07-01
"P000306","F",1972-07-08
"P000307","F",1924-08-26
"P000308","F",1944-05-07
"P000309","F",1937-01-24
"P000310","F",1955-04-01
"P000311","M",1958-12-27
"P000312","M",1931-08-06
"P000313","F",1968-05-24
"P000314","F",1951-10-28
"P000315","F",1960-05-21
"P000316","F",1953-05-30
"P000317","F",1942-01-08
"P000318","F",1967-01-16
"P000319","F",1948-03-13
"P000320","M",1968-01-28
"P000321","F",1965-11-26
"P000322","M",1959-07-27
"P000323","M",1955-06-24
"P000324","M",1930-06-07
"P000325","F",1921-12-23
"P000326","M",1962-08-04
"P000327","F",1923-02-24
"P000328","F",1975-12-05
"P000329","M",1929-10-14
"P000330","F",1935-07-29
"P000331","F",1952-01-19
"P000332","F",1928-10-16
"P000333","M",1967-06-19
"P000334","M",1948-06-15
"P000335","F",1975-05-10
"P000336","F",1939-03-02
"P000337","M",1947-01-20
"P000338","M",1929-09-13
"P000339","F",1961-08-08
"P000340","M",1967-09-19
"P000341","M",1967-04-12
"P000342","F",1955-09-09
"P000343","F",1934-12-21
"P000344","M",1941-12-19
"P000345","M",1967-09-09
"P000346","M",1925-11-27
"P000347","F",1929-03-15
"P000348","F",1956-09-15
"P000349","F",1954-04-24
"P000350","M",1950-03-02
"P000351","F",1940-10-10
"P000352","F",1920-03-27
"P000353","M",1967-08-29
"P000354","M",1975-11-23
"P000355","M",1945-10-10
"P000356","M",1945-03-17
"P000357","M",1922-10-16
"P000358","F",1973-08-01
"P000359","F",1971-02-03
"P000360","M",1969-05-01
"P000361","F",1934-07-04
"P000362","M",1942-09-29
"P000363","M",1965-05-11
"P000364","M",1947-04-24
"P000365","M",1941-09-21
"P000366","M",1928-10-29
"P000367","M",1972-06-24
"P000368","M",1944-02-29
"P000369","M",1943-02-06
"P000370","M",1921-07-10
"P000371","F",1938-04-04
"P000372","M",1928-03-20
"P000373","F",1933-06-19
"P000374","M",1939-02-09
"P000375","F",1965-07-14
"P000376","F",1920-03-22
"P000377","M",1920-03-17
"P000378","M",1943-03-25
"P000379","M",1928-12-06
"P000380","F",1927-08-26
"P000381","M",1970-06-26
"P000382","F",1949-07-15
"P000383","M",1954-11-05
"P000384","F",1959-09-22
"P000385","F",1942-10-24
"P000386","M",1964-12-12
"P000387","M",1972-05-04
"P000388","M",1957-09-25
"P000389","M",1949-03-22
"P000390","M",1948-06-08
"P000391","M",1939-12-14
"P000392","F",1945-03-12
"P000393","M",1961-10-26
"P000394","F",1975-11-10
"P000395","F",1945-09-09
"P000396","F",1958-10-19
"P000397","M",1961-01-24
"P000398","M",1932-09-20
"P000399","F",1962-11-24
"P000400","M",1926-04-25
"P000401","F",1946-11-03
"P000402","M",1967-07-23
"P000403","F",1947-11-11
"P000404","F",1958-04-03
"P000405","M",1969-06-19
"P000406","F",1929-02-04
"P000407","F",1952-10-04
"P000408","M",1930-04-21
"P000409","M",1952-07-12
"P000410","F",1959-11-16
"P000411","F",1931-11-19
"P000412","F",1974-10-02
"P000413","F",1960-12-13
"P000414","F",1943-06-13
"P000415","M",1925-02-27
"P000416","F",1938-03-10
"P000417","F",1923-03-16
"P000418","M",1971-06-27
"P000419","M",1959-05-06
"P000420","M",1970-06-17
"P000421","F",1972-10-20
"P000422","F",1958-04-15
"P000423","M",1960-08-09
"P000424","F",1927-05-09
"P000425","M",1949-02-21
"P000426","F",1957-01-24
"P000427","M",1947-07-26
"P000428","F",1960-01-11
"P000429","F",1938-02-15
"P000430","M",1960-06-06
"P000431","M",1948-06-17
"P000432","M",1956-10-07
"P000433","F",1925-08-19
"P000434","M",1938-11-10
"P000435","F",1942-04-23
"P000436","F",1933-07-05
"P000437","F",1966-08-14
"P000438","M",1928-01-13
"P000439","F",1947-08-31
"P000440","M",1936-05-15
"P000441","M",1927-08-27
"P000442","M",1924-02-08
"P000443","M",1966-03-21
"P000444","M",1962-12-17
"P000445","F",1958-09-04
"P000446","F",1963-10-16
"P000447","F",1972-11-28
"P000448","M",1975-05-02
"P000449","F",1927-01-26
"P000450","F",1934-02-18
"P000451","F",1967-05-16
"P000452","F",1961-05-17
"P000453","M",1937-05-21
"P000454","M",1975-03-28
"P000455","M",1937-06-19
"P000456","M",1947-10-17
"P000457","M",1969-12-25
"P000458","F",1937-06-03
"P000459","M",1924-10-21
"P000460","F",1921-10-01
"P000461","M",1950-05-27
"P000462","F",1957-04-26
"P000463","M",1963-07-14
"P000464","M",1933-01-30
"P000465","F",1971-02-08
"P000466","M",1973-04-18
"P000467","F",1965-08-09
"P000468","M",1975-02-20
"P000469","M",1952-09-24
"P000470","M",1945-06-08
"P000471","M",1952-12-18
"P000472","M",1928-10-22
"P000473","F",1964-04-06
"P000474","M",1934-10-19
"P000475","F",1923-10-19
"P000476","F",1961-08-16
"P000477","F",1945-11-20
"P000478","M",1966-09-07
"P000479","F",1968-08-20
"P000480","F",1973-08-22
"P000481","M",1947-05-16
"P000482","F",1934-10-27
"P000483","M",1966-05-28
"P000484","M",1961-06-16
"P000485","M",1943-12-29
"P000486","F",1930-03-30
"P000487","M",1939-09-03
"P000488","M",1963-01-04
"P000489","F",1963-09-26
"P000490","M",1933-07-03
"P000491","F",1921-09-22
"P000492","M",1923-04-20
"P000493","M",1965-10-08
"P000494","M",1955-08-20
"P000495","M",1941-06-30
"P000496","M",1932-09-05
"P000497","F",1925-08-06
"P000498","F",1950-06-20
"P000499","F",1932-03-04
"P000500","M",1930-12-03
"P000501","M",1947-11-19
"P000502","M",1970-01-17
"P000503","M",1939-07-27
"P000504","F",1971-07-13
"P000505","F",1952-05-27
"P000506","M",1935-06-28
"P000507","F",1936-06-01
"P000508","F",1973-03-02
"P000509","M",1961-09-29
"P000510","M",1966-12-24
"P000511","M",1965-10-08
"P000512","M",1973-09-19
"P000513","F",1951-06-19
"P000514","F",1974-07-02
"P000515","M",1944-10-09
"P000516","M",1962-01-16
"P000517","M",1966-06-22
"P000518","M",1923-12-01
"P000519","M",1921-05-12
"P000520","M",1928-01-11
"P000521","F",1945-06-20
"P000522","F",1975-08-08
"P000523","M",1929-02-08
"P000524","F",1932-04-17
"P000525","M",1971-09-29
"P000526","M",1957-12-14
"P000527","M",1941-09-09
"P000528","F",1970-09-11
"P000529","M",1956-02-23
"P000530","M",1932-08-01
"P000531","F",1936-04-27
"P000532","M",1953-08-23
"P000533","M",1974-09-29
"P000534","F",1947-07-29
"P000535","F",1964-06-09
"P000536","M",1968-10-29
"P000537","M",1930-09-12
"P000538","M",1956-04-01
"P000539","M",1959-03-24
"P000540","M",1943-10-12
"P000541","M",1933-11-30
"P000542","M",1935-02-26
"P000543","M",1934-03-24
"P000544","M",1942-10-27
"P000545","M",1947-04-06
"P000546","F",1938-04-28
"P000547","F",1972-01-31
"P000548","F",1948-02-23
"P000549","F",1950-04-08
"P000550","F",1932-10-06
"P000551","M",1954-12-03
"P000552","F",1932-01-29
"P000553","M",1922-06-03
"P000554","M",1960-01-07
"P000555","M",1925-06-12
"P000556","F",1943-11-16
"P000557","M",1928-02-14
"P000558","F",1964-05-15
"P000559","M",1964-07-21
"P000560","M",1922-02-07
"P000561","M",1944-02-27
"P000562","M",1936-09-20
"P000563","F",1962-08-04
"P000564","M",1930-06-14
"P000565","F",1934-05-15
"P000566","F",1968-08-15
"P000567","F",1950-03-10
"P000568","M",1929-08-18
"P000569","F",1934-04-28
"P000570","M",1954-04-17
"P000571","M",1971-01-01
"P000572","F",1972-07-22
"P000573","M",1959-08-14
"P000574","M",1922-07-04
"P000575","M",1939-09-13
"P000576","M",1935-10-14
"P000577","M",1941-06-07
"P000578","F",1929-01-20
"P000579","F",1929-11-01
"P000580","M",1929-04-26
"P000581","M",1957-04-22
"P000582","M",1970-04-17
"P000583","F",1971-03-18
"P000584","F",1953-08-23
"P000585","F",1973-01-04
"P000586","M",1946-03-15
"P000587","M",1945-08-18
"P000588","F",1921-03-17
"P000589","M",1933-03-25
"P000590","M",1955-08-05
"P000591","M",1961-04-10
"P000592","M",1936-04-28
"P000593","F",1929-12-12
"P000594","F",1928-01-26
"P000595","M",1937-09-08
"P000596","M",1926-11-11
"P000597","F",1973-03-08
"P000598","M",1937-05-18
"P000599","M",1937-05-20
"P000600","M",1952-06-25
"P000601","M",1959-09-05
"P000602","F",1967-07-21
"P000603","F",1952-08-22
"P000604","F",1946-02-23
"P000605","M",1965-05-19
"P000606","F",1931-06-08
"P000607","M",1939-02-18
"P000608","M",1972-08-02
"P000609","M",1922-02-09
"P000610","M",1932-05-15
"P000611","M",1944-03-26
"P000612","M",1939-12-05
"P000613","M",1937-06-24
"P000614","M",1956-01-20
"P000615","M",1924-06-24
"P000616","M",1937-12-18
"P000617","M",1940-06-25
"P000618","M",1955-08-12
"P000619","F",1925-01-29
"P000620","M",1965-12-05
"P000621","F",1968-02-01
"P000622","M",1945-09-07
"P000623","F",1975-02-17
"P000624","M",1936-03-28
"P000625","M",1951-04-26
"P000626","F",1957-04-04
"P000627","M",1922-04-19
"P000628","F",1923-11-05
"P000629","M",1930-09-03
"P000630","M",1945-07-02
"P000631","M",1960-08-11
"P000632","F",1971-12-12
"P000633","F",1934-03-26
"P000634","F",1921-03-18
"P000635","M",1962-07-06
"P000636","F",1962-05-11
"P000637","F",1963-10-03
"P000638","F",1969-09-14
"P000639","F",1951-03-14
"P000640","F",1966-12-02
"P000641","M",1931-04-04
"P000642","F",1971-12-20
"P000643","M",1922-04-12
"P000644","F",1965-06-11
"P000645","M",1940-12-01
"P000646","F",1958-07-21
"P000647","F",1942-11-27
"P000648","M",1954-01-05
"P000649","F",1953-02-26
"P000650","F",1938-09-07
"P000651","F",1938-11-22
"P000652","M",1962-09-13
"P000653","F",1923-11-21
"P000654","M",1924-08-05
"P000655","F",1934-05-08
"P000656","M",1957-08-19
"P000657","M",1964-12-29
"P000658","M",1965-06-19
"P000659","F",1972-04-29
"P000660","M",1956-07-11
"P000661","M",1930-10-07
"P000662","M",1953-12-12
"P000663","F",1946-05-01
"P000664","M",1926-01-08
"P000665","M",1927-06-09
"P000666","M",1936-06-02
"P000667","M",1947-09-22
"P000668","F",1922-06-01
"P000669","M",1973-04-25
"P000670","M",1954-12-24
"P000671","M",1943-10-09
"P000672","F",1945-01-14
"P000673","M",1940-11-07
"P000674","F",1962-10-21
"P000675","M",1956-04-20
"P000676","M",1975-08-31
"P000677","F",1945-05-14
"P000678","M",1974-11-18
"P000679","F",1938-04-05
"P000680","M",1939-07-23
"P000681","M",1940-02-10
"P000682","F",1939-10-16
"P000683","F",1944-05-16
"P000684","M",1970-03-19
"P000685","M",1930-01-16
"P000686","F",1941-12-06
"P000687","F",1948-06-03
"P000688","F",1972-07-31
"P000689","M",1933-04-10
"P000690","F",1957-10-20
"P000691","M",1940-12-29
"P000692","M",1964-09-29
"P000693","M",1938-11-19
"P000694","F",1973-07-29
"P000695","M",1972-05-16
"P000696","F",1937-06-30
"P000697","F",1955-01-31
"P000698","M",1947-09-19
"P000699","M",1944-09-30
"P000700","M",1957-08-11
"P000701","M",1920-06-06
"P000702","F",1954-12-04
"P000703","M",1925-04-30
"P000704","F",1957-10-06
"P000705","F",1940-10-22
"P000706","M",1926-05-30
"P000707","M",1929-04-24
"P000708","F",1952-07-01
"P000709","M",1935-08-20
"P000710","F",1921-11-14
"P000711","F",1922-08-12
"P000712","M",1963-03-27
"P000713","F",1922-02-15
"P000714","M",1944-05-10
"P000715","F",1935-01-16
"P000716","F",1931-04-19
"P000717","M",1924-05-22
"P000718","F",1920-11-04
"P000719","F",1920-05-22
"P000720","M",1943-05-08
"P000721","F",1973-08-18
"P000722","M",1926-01-17
"P000723","M",1935-12-05
"P000724","M",1938-03-12
"P000725","F",1923-08-22
"P000726","F",1945-07-31
"P000727","F",1931-12-12
"P000728","M",1972-04-15
"P000729","M",1939-04-06
"P000730","M",1971-02-09
"P000731","F",1963-08-22
"P000732","F",1927-10-02
"P000733","F",1943-01-19
"P000734","F",1953-10-02
"P000735","F",1971-11-15
"P000736","F",1952-10-11
"P000737","M",1929-03-07
"P000738","F",1926-12-18
"P000739","M",1958-03-26
"P000740","F",1959-07-07
"P000741","M",1957-04-28
"P000742","F",1924-12-29
"P000743","F",1948-02-11
"P000744","F",1949-08-10
"P000745","F",1969-05-16
"P000746","M",1936-07-27
"P000747","M",1961-06-16
"P000748","M",1972-12-17
"P000749","F",1926-01-30
"P000750","M",1946-10-23
"P000751","M",1974-01-24
"P000752","F",1971-02-25
"P000753","M",1940-07-12
"P000754","F",1931-05-26
"P000755","M",1925-06-08
"P000756","M",1930-01-19
"P000757","M",1931-10-26
"P000758","M",1923-07-29
"P000759","F",1946-06-25
"P000760","M",1941-01-29
"P000761","M",1950-12-28
"P000762","M",1924-09-02
"P000763","M",1943-02-28
"P000764","F",1940-05-05
"P000765","M",1927-07-05
"P000766","F",1934-07-23
"P000767","F",1923-11-18
"P000768","M",1962-11-09
"P000769","M",1958-11-06
"P000770","M",1945-01-30
"P000771","M",1924-06-03
"P000772","M",1975-09-05
"P000773","M",1932-02-03
"P000774","M",1966-02-13
"P000775","F",1954-10-15
"P000776","M",1974-06-21
"P000777","F",1966-07-12
"P000778","F",1942-12-31
"P000779","M",1945-04-23
"P000780","M",1957-01-07
"P000781","M",1969-10-18
"P000782","M",1955-08-21
"P000783","M",1928-01-04
"P000784","F",1963-07-16
"P000785","F",1956-11-14
"P000786","M",1956-12-04
"P000787","M",1942-11-25
"P000788","M",1958-02-28
"P000789","M",1951-11-29
"P000790","M",1937-04-13
"P000791","M",1972-06-14
"P000792","M",1970-06-20
"P000793","F",1971-11-18
"P000794","F",1961-05-06
"P000795","F",1972-02-19
"P000796","M",1966-10-15
"P000797","M",1969-12-22
"P000798","F",1953-01-18
"P000799","F",1922-12-24
"P000800","M",1920-02-11
"P000801","F",1958-08-17
"P000802","F",1930-12-29
"P000803","F",1928-12-20
"P000804","F",1963-09-24
"P000805","M",1957-04-06
"P000806","F",1927-01-24
"P000807","F",1925-08-21
"P000808","M",1958-08-29
"P000809","F",1956-02-06
"P000810","F",1931-06-22
"P000811","M",1930-08-29
"P000812","M",1965-01-05
"P000813","M",1923-08-05
"P000814","F",1937-11-09
"P000815","M",1927-06-29
"P000816","M",1934-03-18
"P000817","F",1923-12-20
"P000818","F",1941-06-04
"P000819","M",1949-02-11
"P000820","M",1939-10-26
"P000821","F",1955-12-16
"P000822","F",1922-08-08
"P000823","M",1938-01-03
"P000824","F",1954-11-30
"P000825","F",1932-11-20
"P000826","F",1934-02-25
"P000827","M",1945-04-29
"P000828","M",1926-08-16
"P000829","F",1962-04-02
"P000830","F",1923-09-30
"P000831","M",1949-12-04
"P000832","M",1961-09-15
"P000833","M",1954-02-13
"P000834","M",1960-01-14
"P000835","M",1951-05-24
"P000836","F",1927-12-20
"P000837","F",1923-07-14
"P000838","M",1933-08-19
"P000839","F",1944-01-21
"P000840","F",1932-02-25
"P000841","F",1921-11-04
"P000842","F",1950-07-01
"P000843","M",1970-06-03
"P000844","F",1925-03-02
"P000845","F",1956-09-04
"P000846","F",1961-05-16
"P000847","F",1964-09-24
"P000848","F",1947-12-13
"P000849","F",1956-03-16
"P000850","M",1931-04-25
"P000851","F",1938-06-21
"P000852","F",1972-02-20
"P000853","M",1955-11-04
"P000854","F",1930-11-02
"P000855","F",1934-05-20
"P000856","F",1933-08-28
"P000857","M",1939-11-20
"P000858","F",1928-11-01
"P000859","M",1955-01-18
"P000860","M",1971-06-07
"P000861","M",1975-12-16
"P000862","M",1949-04-29
"P000863","M",1923-08-25
"P000864","M",1975-02-25
"P000865","M",1929-09-11
"P000866","M",1934-12-01
"P000867","F",1924-04-30
"P000868","F",1920-03-31
"P000869","F",1928-04-24
"P000870","M",1972-01-11
"P000871","M",1957-12-16
"P000872","F",1929-07-16
"P000873","M",1939-02-19
"P000874","M",1944-06-01
"P000875","F",1947-02-03
"P000876","M",1957-03-27
"P000877","M",1955-07-04
"P000878","M",1941-03-07
"P000879","F",1974-09-19
"P000880","M",1960-01-15
"P000881","M",1929-09-11
"P000882","F",1966-12-02
"P000883","F",1958-08-16
"P000884","F",1968-10-16
"P000885","F",1924-10-02
"P000886","F",1934-07-22
"P000887","F",1926-08-27
"P000888","F",1934-09-04
"P000889","F",1933-06-07
"P000890","M",1946-07-14
"P000891","M",1940-06-13
"P000892","M",1923-06-04
"P000893","M",1953-06-08
"P000894","M",1920-04-09
"P000895","M",1962-03-10
"P000896","F",1950-04-18
"P000897","F",1936-04-28
"P000898","M",1972-07-03
"P000899","F",1966-05-30
"P000900","F",1974-10-26
"P000901","M",1969-12-31
"P000902","M",1932-06-30
"P000903","F",1939-05-27
"P000904","F",1971-06-21
"P000905","M",1924-04-29
"P000906","F",1964-07-29
"P000907","M",1934-01-21
"P000908","F",1939-02-09
"P000909","F",1924-05-03
"P000910","M",1929-06-18
"P000911","F",1936-02-19
"P000912","M",1961-05-18
"P000913","M",1925-08-18
"P000914","F",1925-12-21
"P000915","M",1923-01-26
"P000916","F",1954-02-20
"P000917","F",1957-09-26
"P000918","F",1936-04-05
"P000919","M",1931-04-03
"P000920","M",1936-10-19
"P000921","M",1927-03-19
"P000922","M",1920-07-29
"P000923","F",1931-12-07
"P000924","M",1974-03-22
"P000925","M",1935-07-29
"P000926","F",1949-06-08
"P000927","M",1970-06-16
"P000928","F",1942-11-27
"P000929","M",1961-08-23
"P000930","M",1961-04-18
"P000931","M",1968-05-27
"P000932","M",1943-06-29
"P000933","M",1944-05-28
"P000934","M",1964-07-05
"P000935","F",1957-02-04
"P000936","F",1930-10-23
"P000937","M",1959-12-01
"P000938","M",1940-09-22
"P000939","F",1948-08-24
"P000940","M",1920-02-13
"P000941","M",1974-01-22
"P000942","F",1932-04-23
"P000943","F",1940-02-27
"P000944","M",1961-04-16
"P000945","M",1968-06-03
"P000946","M",1940-04-04
"P000947","F",1920-05-30
"P000948","F",1961-04-24
"P000949","M",1959-01-28
"P000950","F",1955-09-05
"P000951","F",1964-12-30
"P000952","F",1936-09-25
"P000953","M",1952-12-05
"P000954","F",1942-05-12
"P000955","F",1922-02-01
"P000956","F",1966-05-07
"P000957","M",1947-04-25
"P000958","M",1948-03-14
"P000959","F",1959-05-02
"P000960","F",1922-05-06
"P000961","M",1968-04-07
"P000962","M",1933-12-25
"P000963","M",1965-01-31
"P000964","M",1974-06-29
"P000965","M",1970-07-18
"P000966","M",1957-07-13
"P000967","M",1946-06-30
"P000968","F",1928-01-17
"P000969","M",1936-09-19
"P000970","M",1923-03-23
"P000971","F",1927-10-23
"P000972","M",1972-08-31
"P000973","M",1950-02-22
"P000974","M",1958-12-07
"P000975","M",1966-12-23
"P000976","M",1955-09-20
"P000977","F",1932-02-01
"P000978","M",1952-02-09
"P000979","M",1947-03-17
"P000980","M",1969-01-25
"P000981","F",1972-05-12
"P000982","F",1952-07-30
"P000983","M",1954-07-01
"P000984","F",1946-09-06
"P000985","M",1957-12-07
"P000986","F",1953-01-07
"P000987","M",1923-12-23
"P000988","M",1929-10-17
"P000989","F",1941-10-13
"P000990","F",1936-07-27
"P000991","M",1930-05-16
"P000992","M",1936-02-14
"P000993","M",1955-04-20
"P000994","M",1945-10-29
"P000995","F",1952-02-29
"P000996","M",1969-12-29
"P000997","M",1943-11-16
"P000998","M",1923-12-10
"P000999","F",1952-11-08
"P001000","M",1954-03-18
"P001001","M",1930-11-15
"P001002","F",1920-05-03
"P001003","F",1935-09-19
"P001004","M",1931-02-05
"P001005","M",1942-08-26
"P001006","M",1953-06-16
"P001007","F",1969-11-20
"P001008","F",1921-11-20
"P001009","M",1923-07-15
"P001010","F",1972-06-22
"P001011","F",1958-10-05
"P001012","M",1952-10-05
"P001013","M",1965-08-23
"P001014","F",1975-11-10
"P001015","F",1920-05-23
"P001016","M",1957-08-09
"P001017","M",1949-07-08
"P001018","M",1937-07-21
"P001019","F",1932-09-29
"P001020","M",1947-02-08
"P001021","F",1944-01-17
"P001022","M",1952-07-28
"P001023","F",1940-08-09
"P001024","M",1966-10-15
"P001025","M",1928-07-10
"P001026","F",1930-07-19
"P001027","M",1946-06-22
"P001028","F",1947-11-30
"P001029","M",1963-03-15
"P001030","M",1974-01-05
"P001031","M",1923-08-24
"P001032","F",1963-12-30
"P001033","F",1946-02-13
"P001034","F",1929-07-09
"P001035","F",1956-07-20
"P001036","F",1934-01-14
"P001037","F",1940-10-14
"P001038","M",1936-10-31
"P001039","F",1974-10-26
"P001040","M",1969-10-01
"P001041","F",1929-10-12
"P001042","M",1935-05-13
"P001043","M",1970-07-18
"P001044","M",1943-11-24
"P001045","M",1966-08-01
"P001046","M",1937-06-22
"P001047","F",1966-04-30
"P001048","M",1955-03-18
"P001049","F",1973-05-01
"P001050","M",1949-10-03
"P001051","F",1935-04-12
"P001052","F",1954-03-13
"P001053","M",1946-08-05
"P001054","M",1953-07-09
"P001055","M",1975-01-11
"P001056","F",1967-11-29
"P001057","M",1958-07-21
"P001058","M",1934-08-06
"P001059","M",1956-01-08
"P001060","F",1941-08-28
"P001061","F",1975-01-15
"P001062","F",1965-08-29
"P001063","F",1938-06-18
"P001064","F",1925-09-09
"P001065","M",1943-05-21
"P001066","F",1974-04-25
"P001067","M",1935-02-24
"P001068","M",1962-01-31
"P001069","F",1972-08-14
"P001070","M",1924-12-13
"P001071","M",1961-01-14
"P001072","F",1942-07-09
"P001073","M",1955-12-14
"P001074","M",1931-04-08
"P001075","M",1928-08-14
"P001076","F",1934-11-16
"P001077","M",1975-07-03
"P001078","F",1952-05-08
"P001079","M",1930-08-31
"P001080","F",1953-08-23
"P001081","F",1922-07-13
"P001082","F",1963-12-21
"P001083","M",1940-05-02
"P001084","F",1950-07-01
"P001085","F",1928-03-10
"P001086","F",1971-07-19
"P001087","M",1964-07-19
"P001088","M",1973-10-18
"P001089","M",1974-01-02
"P001090","M",1949-06-23
"P001091","M",1936-06-14
"P001092","M",1966-03-02
"P001093","F",1924-02-29
"P001094","M",1944-01-05
"P001095","M",1931-05-09
"P001096","F",1961-10-16
"P001097","M",1974-01-14
"P001098","M",1966-03-26
"P001099","M",1973-05-23
"P001100","F",1927-09-25
"P001101","F",1964-01-01
"P001102","M",1964-05-23
"P001103","F",1936-11-04
"P001104","M",1944-12-28
"P001105","M",1938-10-15
"P001106","F",1951-09-13
"P001107","F",1962-01-10
"P001108","M",1949-10-17
"P001109","M",1932-09-05
"P001110","M",1944-06-29
"P001111","M",1923-09-16
"P001112","M",1967-08-11
"P001113","F",1959-06-10
"P001114","M",1947-12-15
"P001115","M",1936-07-27
"P001116","M",1954-08-18
"P001117","M",1931-02-03
"P001118","M",1955-04-27
"P001119","M",1952-11-09
"P001120","M",1957-08-13
"P001121","F",1948-03-04
"P001122","F",1937-10-09
"P001123","M",1954-12-03
"P001124","M",1926-04-23
"P001125","M",1934-04-26
"P001126","F",1934-10-15
"P001127","M",1964-11-06
"P001128","M",1944-07-06
"P001129","F",1931-07-18
"P001130","M",1948-07-16
"P001131","M",1954-12-20
"P001132","M",1956-01-08
"P001133","M",1960-03-01
"P001134","M",1947-12-11
"P001135","F",1923-06-30
"P001136","M",1969-04-11
"P001137","M",1921-12-03
"P001138","F",1960-04-21
"P001139","M",1963-03-31
"P001140","F",1937-09-21
"P001141","M",1932-03-18
"P001142","M",1938-12-24
"P001143","F",1964-09-09
"P001144","F",1941-02-27
"P001145","M",1923-04-28
"P001146","M",1939-05-06
"P001147","F",1959-02-05
"P001148","M",1960-06-08
"P001149","F",1937-04-08
"P001150","M",1957-07-31
"P001151","M",1922-03-28
"P001152","M",1967-08-21
"P001153","M",1962-09-17
"P001154","M",1949-11-27
"P001155","M",1952-03-02
"P001156","M",1955-10-18
"P001157","M",1930-08-26
"P001158","F",1923-11-28
"P001159","F",1942-09-11
"P001160","F",1956-07-12
"P001161","F",1925-11-21
"P001162","M",1938-10-24
"P001163","M",1933-07-15
"P001164","M",1958-07-21
"P001165","M",1944-09-03
"P001166","F",1931-08-26
"P001167","M",1957-08-27
"P001168","M",1961-11-27
"P001169","F",1944-08-25
"P001170","M",1963-05-17
"P001171","F",1940-07-29
"P001172","F",1932-05-29
"P001173","M",1968-10-07
"P001174","M",1945-05-03
"P001175","M",1926-06-01
"P001176","F",1920-02-15
"P001177","F",1947-02-06
"P001178","F",1923-02-28
"P001179","M",1933-12-09
"P001180","M",1933-04-07
"P001181","F",1928-12-29
"P001182","M",1955-03-28
"P001183","F",1940-08-18
"P001184","M",1934-12-16
"P001185","M",1925-06-13
"P001186","F",1933-06-19
"P001187","M",1956-02-10
"P001188","M",1936-10-12
"P001189","F",1959-12-08
"P001190","M",1927-10-11
"P001191","F",1971-10-15
"P001192","M",1950-05-18
"P001193","F",1924-05-14
"P001194","M",1943-01-06
"P001195","M",1961-02-28
"P001196","M",1975-12-29
"P001197","M",1926-02-16
"P001198","F",1940-06-21
"P001199","M",1967-06-07
"P001200","F",1970-12-07
"P001201","F",1930-05-23
"P001202","F",1920-03-30
"P001203","F",1955-12-02
"P001204","M",1948-10-29
"P001205","M",1926-12-09
"P001206","F",1969-04-27
"P001207","M",1973-10-27
"P001208","F",1971-07-27
"P001209","M",1932-10-29
"P001210","F",1940-04-22
"P001211","M",1922-12-12
"P001212","M",1959-10-26
"P001213","F",1943-06-23
"P001214","F",1948-07-29
"P001215","F",1939-02-10
"P001216","M",1926-01-07
"P001217","M",1946-01-27
"P001218","F",1923-07-08
"P001219","F",1956-08-11
"P001220","M",1972-09-28
"P001221","F",1945-09-03
"P001222","F",1938-11-01
"P001223","M",1923-02-28
"P001224","F",1974-05-29
"P001225","F",1959-09-07
"P001226","F",1963-03-14
"P001227","M",1960-07-25
"P001228","M",1972-08-25
"P001229","F",1960-02-23
"P001230","M",1957-08-28
"P001231","M",1970-07-12
"P001232","M",1963-06-17
"P001233","M",1942-07-13
"P001234","M",1945-02-21
"P001235","M",1936-04-10
"P001236","F",1947-04-19
"P001237","M",1959-03-14
"P001238","M",1921-11-20
"P001239","F",1938-11-22
"P001240","F",1961-10-02
"P001241","M",1920-01-27
"P001242","F",1965-11-07
"P001243","F",1929-09-27
"P001244","F",1956-01-03
"P001245","M",1964-09-06
"P001246","M",1967-10-14
"P001247","M",1947-07-13
"P001248","M",1945-12-08
"P001249","F",1957-09-21
"P001250","F",1943-02-08
"P001251","F",1959-08-24
"P001252","M",1935-06-19
"P001253","F",1953-04-18
"P001254","F",1929-01-30
"P001255","F",1958-07-18
"P001256","M",1921-08-31
"P001257","M",1920-06-14
"P001258","M",1942-05-12
"P001259","M",1971-10-26
"P001260","F",1930-01-08
"P001261","M",1934-03-10
"P001262","F",1940-02-22
"P001263","M",1955-12-06
"P001264","M",1968-10-12
"P001265","M",1973-02-20
"P001266","M",1970-06-02
"P001267","M",1971-05-03
"P001268","F",1957-07-06
"P001269","M",1972-10-08
"P001270","M",1941-11-29
"P001271","F",1929-03-20
"P001272","F",1964-10-15
"P001273","F",1935-10-21
"P001274","F",1949-12-14
"P001275","M",1962-08-31
"P001276","F",1966-07-21
"P001277","F",1923-10-27
"P001278","F",1953-11-15
"P001279","F",1969-01-31
"P001280","M",1923-10-11
"P001281","M",1959-06-17
"P001282","M",1928-12-15
"P001283","F",1962-12-20
"P001284","F",1973-05-05
"P001285","M",1966-11-23
"P001286","M",1972-03-16
"P001287","F",1936-08-06
"P001288","M",1933-05-26
"P001289","M",1928-12-31
"P001290","M",1955-10-20
"P001291","F",1928-06-29
"P001292","M",1952-08-08
"P001293","M",1954-11-24
"P001294","F",1956-08-01
"P001295","M",1921-12-11
"P001296","F",1931-08-19
"P001297","M",1972-06-06
"P001298","M",1943-05-18
"P001299","M",1965-10-24
"P001300","F",1922-09-29
"P001301","F",1971-01-12
"P001302","M",1969-11-01
"P001303","F",1938-09-08
"P001304","F",1936-10-20
"P001305","F",1962-06-26
"P001306","F",1962-08-31
"P001307","F",1927-01-27
"P001308","M",1950-10-15
"P001309","F",1933-04-21
"P001310","M",1968-04-01
"P001311","F",1945-12-25
"P001312","F",1970-09-17
"P001313","M",1947-03-07
"P001314","F",1973-06-22
"P001315","M",1941-09-05
"P001316","F",1936-04-23
"P001317","F",1929-12-17
"P001318","F",1924-03-28
"P001319","F",1959-11-15
"P001320","F",1934-07-18
"P001321","M",1965-12-16
"P001322","F",1975-10-09
"P001323","M",1924-08-10
"P001324","F",1973-07-20
"P001325","M",1944-02-07
"P001326","M",1963-01-27
"P001327","F",1944-08-26
"P001328","F",1955-04-01
"P001329","F",1962-05-22
"P001330","M",1966-05-02
"P001331","F",1923-05-10
"P001332","F",1941-07-29
"P001333","F",1932-11-24
"P001334","M",1942-09-19
"P001335","M",1924-11-06
"P001336","M",1971-06-25
"P001337","F",1948-12-11
"P001338","M",1938-01-22
"P001339","F",1963-01-23
"P001340","F",1921-01-22
"P001341","M",1953-10-28
"P001342","M",1925-12-12
"P001343","M",1922-02-25
"P001344","F",1970-12-01
"P001345","M",1950-10-10
"P001346","M",1944-01-07
"P001347","M",1969-01-02
"P001348","M",1968-11-05
"P001349","M",1926-11-09
"P001350","F",1938-10-10
"P001351","M",1928-03-06
"P001352","F",1950-07-04
"P001353","M",1921-06-12
"P001354","M",1952-07-07
"P001355","M",1932-12-03
"P001356","F",1921-07-04
"P001357","M",1958-06-24
"P001358","M",1929-01-06
"P001359","F",1945-09-23
"P001360","M",1928-01-28
"P001361","M",1934-08-13
"P001362","F",1923-08-30
"P001363","F",1967-09-03
"P001364","F",1964-08-21
"P001365","F",1927-10-30
"P001366","F",1933-04-18
"P001367","F",1941-02-10
"P001368","F",1933-12-19
"P001369","F",1954-12-17
"P001370","M",1944-05-22
"P001371","M",1954-02-03
"P001372","F",1932-01-30
"P001373","M",1947-05-23
"P001374","M",1944-10-30
"P001375","F",1974-09-29
"P001376","F",1962-06-25
"P001377","M",1962-09-23
"P001378","F",1938-01-10
"P001379","F",1943-10-12
"P001380","M",1961-05-04
"P001381","M",1938-06-27
"P001382","F",1924-01-02
"P001383","F",1942-07-13
"P001384","F",1965-06-26
"P001385","M",1975-12-09
"P001386","M",1967-09-23
"P001387","F",1947-01-12
"P001388","F",1950-08-03
"P001389","M",1963-04-17
"P001390","M",1938-03-06
"P001391","F",1973-07-19
"P001392","M",1947-02-21
"P001393","F",1954-10-17
"P001394","M",1960-10-05
"P001395","M",1968-11-28
"P001396","M",1957-08-15
"P001397","F",1955-11-23
"P001398","F",1925-02-19
"P001399","M",1958-01-29
"P001400","M",1935-01-05
"P001401","M",1932-08-23
"P001402","M",1950-02-14
"P001403","M",1933-10-24
"P001404","M",1935-03-09
"P001405","M",1970-10-07
"P001406","F",1940-03-28
"P001407","F",1922-04-16
"P001408","F",1923-08-18
"P001409","M",1953-10-09
"P001410","M",1964-02-02
"P001411","F",1958-02-13
"P001412","M",1970-04-07
"P001413","F",1970-03-23
"P001414","M",1973-12-01
"P001415","M",1944-01-26
"P001416","M",1944-01-31
"P001417","M",1969-06-09
"P001418","M",1964-05-28
"P001419","F",1925-10-31
"P001420","F",1970-12-09
"P001421","F",1952-09-28
"P001422","F",1948-11-10
"P001423","F",1945-10-08
"P001424","M",1969-10-14
"P001425","M",1956-03-23
"P001426","F",1951-09-08
"P001427","M",1956-09-01
"P001428","M",1973-07-30
"P001429","M",1947-10-20
"P001430","F",1920-12-15
"P001431","F",1970-02-05
"P001432","F",1973-01-12
"P001433","M",1949-05-17
"P001434","M",1929-04-27
"P001435","F",1934-08-07
"P001436","F",1971-01-08
"P001437","M",1954-05-17
"P001438","M",1946-12-12
"P001439","M",1942-10-20
"P001440","M",1959-07-27
"P001441","M",1974-05-01
"P001442","F",1937-06-20
"P001443","M",1925-11-25
"P001444","M",1973-04-09
"P001445","F",1924-04-06
"P001446","F",1957-03-31
"P001447","M",1941-05-08
"P001448","M",1975-10-09
"P001449","M",1964-01-24
"P001450","F",1970-03-15
"P001451","M",1942-06-23
"P001452","F",1945-07-30
"P001453","F",1924-09-27
"P001454","F",1940-10-15
"P001455","M",1956-01-02
"P001456","M",1972-11-05
"P001457","M",1956-12-23
"P001458","M",1943-06-16
"P001459","F",1956-08-06
"P001460","M",1944-12-17
"P001461","F",1942-07-25
"P001462","F",1970-01-01
"P001463","F",1960-10-22
"P001464","M",1946-01-21
"P001465","F",1943-01-21
"P001466","F",1926-05-15
"P001467","M",1964-03-13
"P001468","M",1934-10-12
"P001469","F",1928-04-16
"P001470","M",1940-02-26
"P001471","M",1925-05-02
"P001472","F",1930-02-23
"P001473","M",1956-06-16
"P001474","M",1965-12-01
"P001475","M",1927-03-31
"P001476","F",1948-08-14
"P001477","F",1959-10-30
"P001478","M",1966-09-28
"P001479","F",1937-01-29
"P001480","F",1958-10-25
"P001481","F",1945-11-29
"P001482","F",1959-12-13
"P001483","M",1924-10-10
"P001484","M",1942-01-12
"P001485","M",1962-03-23
"P001486","M",1972-11-13
"P001487","M",1928-11-09
"P001488","M",1967-12-06
"P001489","F",1971-07-15
"P001490","M",1959-01-03
"P001491","F",1958-04-23
"P001492","F",1933-03-16
"P001493","M",1926-01-08
"P001494","F",1950-03-07
"P001495","M",1935-08-07
"P001496","M",1936-07-14
"P001497","M",1947-11-11
"P001498","M",1926-06-05
"P001499","M",1930-02-21
"P001500","F",1954-12-15
"P001501","M",1973-10-03
"P001502","M",1955-06-04
"P001503","F",1964-08-07
"P001504","M",1970-06-24
"P001505","F",1932-03-20
"P001506","M",1974-07-17
"P001507","M",1932-11-25
"P001508","F",1939-07-02
"P001509","F",1974-04-27
"P001510","M",1960-09-29
"P001511","M",1975-05-11
"P001512","F",1920-01-23
"P001513","M",1939-02-27
"P001514","M",1955-03-20
"P001515","F",1965-11-27
"P001516","M",1937-01-06
"P001517","M",1963-08-14
"P001518","M",1920-04-14
"P001519","M",1948-05-07
"P001520","F",1932-10-22
"P001521","F",1943-01-10
"P001522","M",1930-03-22
"P001523","F",1952-07-09
"P001524","M",1956-01-26
"P001525","F",1957-12-04
"P001526","M",1969-12-24
"P001527","M",1971-11-19
"P001528","M",1969-02-28
"P001529","M",1932-05-07
"P001530","M",1956-01-01
"P001531","M",1945-04-23
"P001532","M",1961-08-24
"P001533","F",1962-06-13
"P001534","F",1956-03-29
"P001535","M",1972-04-11
"P001536","F",1954-02-19
"P001537","M",1961-04-24
"P001538","M",1956-04-14
"P001539","M",1946-03-22
"P001540","M",1940-10-31
"P001541","F",1948-09-22
"P001542","M",1947-07-24
"P001543","F",1971-03-29
"P001544","F",1949-02-17
"P001545","F",1975-04-04
"P001546","F",1935-04-12
"P001547","F",1974-04-01
"P001548","M",1933-11-20
"P001549","F",1947-02-04
"P001550","M",1935-09-16
"P001551","F",1967-03-28
"P001552","M",1960-12-26
"P001553","F",1973-03-18
"P001554","F",1936-08-12
"P001555","F",1943-05-28
"P001556","M",1922-01-04
"P001557","F",1934-02-05
"P001558","F",1926-02-11
"P001559","M",1929-11-26
"P001560","F",1945-01-01
"P001561","F",1959-01-09
"P001562","F",1943-05-14
"P001563","F",1936-09-23
"P001564","M",1946-08-08
"P001565","F",1938-08-12
"P001566","M",1973-07-20
"P001567","F",1962-08-04
"P001568","M",1968-07-08
"P001569","F",1954-09-10
"P001570","M",1923-07-13
"P001571","M",1937-03-13
"P001572","M",1949-03-07
"P001573","F",1924-01-11
"P001574","F",1950-05-18
"P001575","M",1960-11-04
"P001576","M",1930-06-09
"P001577","F",1936-09-07
"P001578","M",1934-01-08
"P001579","F",1933-11-09
"P001580","M",1955-12-25
"P001581","M",1971-10-14
"P001582","F",1966-05-22
"P001583","F",1954-06-02
"P001584","M",1961-07-25
"P001585","M",1971-01-03
"P001586","F",1957-02-20
"P001587","M",1959-12-22
"P001588","F",1946-07-27
"P001589","M",1928-03-11
"P001590","M",1934-03-14
"P001591","M",1954-02-17
"P001592","M",1933-02-24
"P001593","M",1942-07-17
"P001594","M",1968-07-10
"P001595","M",1949-04-05
"P001596","M",1932-11-09
"P001597","F",1947-12-16
"P001598","F",1968-10-31
"P001599","M",1970-11-26
"P001600","M",1930-04-10
"P001601","F",1960-11-29
"P001602","M",1958-12-27
"P001603","F",1943-11-18
"P001604","F",1921-12-13
"P001605","F",1948-02-01
"P001606","F",1958-06-08
"P001607","M",1942-09-13
"P001608","M",1970-02-11
"P001609","M",1944-09-07
"P001610","F",1971-04-11
"P001611","M",1941-12-26
"P001612","M",1936-01-20
"P001613","F",1937-08-20
"P001614","F",1940-02-04
"P001615","F",1950-10-04
"P001616","M",1938-07-04
"P001617","F",1969-09-23
"P001618","M",1921-02-23
"P001619","M",1951-02-13
"P001620","M",1926-01-28
"P001621","M",1975-01-23
"P001622","F",1928-02-09
"P001623","M",1946-03-23
"P001624","M",1952-06-08
"P001625","F",1970-12-29
"P001626","F",1942-12-26
"P001627","M",1945-08-21
"P001628","M",1929-05-26
"P001629","M",1958-02-18
"P001630","M",1975-07-07
"P001631","F",1932-08-22
"P001632","M",1958-02-23
"P001633","F",1926-09-15
"P001634","M",1963-09-18
"P001635","F",1966-03-25
"P001636","F",1939-01-12
"P001637","M",1967-06-19
"P001638","M",1927-10-31
"P001639","M",1932-01-03
"P001640","M",1943-12-02
"P001641","M",1944-02-04
"P001642","F",1959-08-29
"P001643","F",1939-09-11
"P001644","F",1969-02-23
"P001645","M",1945-08-02
"P001646","F",1968-06-05
"P001647","F",1943-07-03
"P001648","M",1962-09-01
"P001649","M",1947-05-23
"P001650","F",1956-01-17
"P001651","F",1943-12-21
"P001652","M",1955-02-21
"P001653","F",1941-11-15
"P001654","M",1942-09-25
"P001655","F",1923-07-18
"P001656","F",1923-03-09
"P001657","F",1946-01-22
"P001658","F",1953-05-06
"P001659","M",1938-07-09
"P001660","F",1951-02-14
"P001661","M",1921-01-06
"P001662","M",1933-11-17
"P001663","F",1969-11-09
"P001664","F",1957-03-13
"P001665","M",1923-12-25
"P001666","M",1950-12-08
"P001667","M",1938-05-11
"P001668","M",1944-10-03
"P001669","M",1928-02-11
"P001670","F",1937-05-30
"P001671","F",1941-03-23
"P001672","F",1921-10-23
"P001673","F",1922-01-21
"P001674","M",1963-06-25
"P001675","M",1974-09-06
"P001676","F",1936-01-19
"P001677","M",1967-04-20
"P001678","M",1951-10-16
"P001679","M",1970-03-27
"P001680","M",1938-06-26
"P001681","M",1947-12-20
"P001682","M",1927-03-03
"P001683","M",1967-04-19
"P001684","M",1937-01-27
"P001685","F",1922-06-19
"P001686","F",1927-10-22
"P001687","M",1972-01-04
"P001688","M",1929-05-04
"P001689","M",1971-05-31
"P001690","F",1964-02-08
"P001691","M",1934-09-20
"P001692","F",1923-03-19
"P001693","F",1934-01-25
"P001694","F",1924-10-24
"P001695","F",1975-01-13
"P001696","M",1958-06-28
"P001697","M",1921-12-16
"P001698","M",1925-04-03
"P001699","M",1972-08-10
"P001700","F",1946-10-05
"P001701","M",1930-11-14
"P001702","M",1921-08-22
"P001703","F",1949-07-17
"P001704","F",1947-03-04
"P001705","F",1965-06-16
"P001706","M",1949-08-06
"P001707","F",1948-05-08
"P001708","M",1959-01-29
"P001709","F",1951-05-06
"P001710","M",1965-07-15
"P001711","M",1969-12-02
"P001712","F",1954-01-28
"P001713","F",1920-04-16
"P001714","F",1965-08-28
"P001715","M",1955-03-27
"P001716","F",1941-03-22
"P001717","M",1951-12-29
"P001718","M",1943-06-17
"P001719","F",1967-08-05
"P001720","M",1943-05-09
"P001721","M",1920-03-17
"P001722","M",1972-07-20
"P001723","M",1938-06-09
"P001724","F",1938-04-29
"P001725","M",1927-06-11
"P001726","F",1975-06-23
"P001727","F",1941-03-12
"P001728","M",1952-03-24
"P001729","M",1924-02-20
"P001730","M",1944-10-21
"P001731","M",1970-08-29
"P001732","M",1933-02-28
"P001733","F",1931-04-16
"P001734","F",1966-08-29
"P001735","M",1971-05-19
"P001736","M",1963-10-15
"P001737","F",1948-04-18
"P001738","M",1944-01-05
"P001739","F",1938-05-17
"P001740","F",1925-07-17
"P001741","M",1967-12-01
"P001742","M",1958-10-24
"P001743","F",1970-01-18
"P001744","M",1938-04-14
"P001745","F",1962-09-14
"P001746","F",1933-12-15
"P001747","M",1955-02-04
"P001748","M",1957-09-07
"P001749","F",1947-07-31
"P001750","M",1954-06-13
"P001751","M",1951-07-02
"P001752","M",1940-04-03
"P001753","F",1923-08-07
"P001754","F",1933-11-12
"P001755","M",1935-10-20
"P001756","M",1932-09-08
"P001757","M",1923-06-22
"P001758","F",1968-06-11
"P001759","F",1942-05-21
"P001760","M",1959-02-12
"P001761","M",1936-02-23
"P001762","M",1934-08-15
"P001763","M",1969-03-27
"P001764","M",1950-03-28
"P001765","M",1933-11-18
"P001766","F",1924-10-16
"P001767","M",1943-01-09
"P001768","F",1970-12-01
"P001769","M",1925-06-07
"P001770","F",1956-12-09
"P001771","F",1963-10-09
"P001772","M",1941-06-13
"P001773","M",1920-10-12
"P001774","F",1921-08-09
"P001775","F",1928-09-04
"P001776","M",1969-10-23
"P001777","F",1955-10-18
"P001778","F",1968-10-22
"P001779","M",1953-11-03
"P001780","F",1942-08-06
"P001781","M",1951-04-20
"P001782","F",1943-08-21
"P001783","M",1966-07-12
"P001784","F",1953-03-09
"P001785","F",1928-12-03
"P001786","F",1974-03-30
"P001787","M",1928-11-12
"P001788","F",1973-06-15
"P001789","F",1935-12-15
"P001790","M",1940-06-10
"P001791","M",1933-02-24
"P001792","M",1922-03-22
"P001793","F",1933-04-02
"P001794","F",1963-04-20
"P001795","M",1968-06-25
"P001796","F",1968-10-28
"P001797","M",1941-12-09
"P001798","M",1925-07-25
"P001799","F",1942-04-13
"P001800","F",1933-10-20
"P001801","M",1927-10-14
"P001802","M",1969-05-05
"P001803","F",1949-11-19
"P001804","F",1951-12-03
"P001805","F",1962-06-19
"P001806","F",1948-04-06
"P001807","M",1942-11-23
"P001808","M",1924-08-04
"P001809","F",1931-01-21
"P001810","F",1938-06-18
"P001811","M",1966-08-07
"P001812","M",1963-02-22
"P001813","F",1947-06-19
"P001814","F",1953-10-17
"P001815","F",1941-01-24
"P001816","M",1933-11-20
"P001817","M",1929-09-04
"P001818","M",1958-01-19
"P001819","M",1950-10-04
"P001820","M",1971-01-16
"P001821","F",1962-11-02
"P001822","F",1920-11-05
"P001823","F",1946-10-01
"P001824","F",1966-07-09
"P001825","M",1949-07-14
"P001826","F",1934-12-23
"P001827","M",1965-11-23
"P001828","F",1955-10-27
"P001829","M",1922-03-09
"P001830","M",1971-01-31
"P001831","M",1962-05-27
"P001832","M",1954-05-07
"P001833","F",1975-08-16
"P001834","M",1934-12-19
"P001835","M",1929-12-02
"P001836","M",1934-09-03
"P001837","M",1923-09-21
"P001838","F",1974-05-17
"P001839","M",1953-09-04
"P001840","M",1933-01-27
"P001841","F",1941-11-14
"P001842","F",1938-07-02
"P001843","M",1923-04-15
"P001844","M",1930-12-14
"P001845","M",1948-07-12
"P001846","F",1973-03-29
"P001847","F",1942-05-09
"P001848","M",1949-03-30
"P001849","M",1929-12-09
"P001850","F",1921-08-20
"P001851","F",1946-03-23
"P001852","M",1930-09-14
"P001853","F",1962-04-15
"P001854","F",1975-01-12
"P001855","M",1947-04-07
"P001856","M",1927-04-10
"P001857","F",1947-04-19
"P001858","M",1968-02-07
"P001859","F",1963-05-09
"P001860","M",1975-07-19
"P001861","M",1945-07-02
"P001862","M",1973-05-08
"P001863","M",1972-01-23
"P001864","M",1922-04-30
"P001865","M",1970-01-04
"P001866","F",1940-08-27
"P001867","M",1967-03-24
"P001868","F",1956-11-25
"P001869","M",1959-03-28
"P001870","F",1958-05-24
"P001871","M",1951-02-03
"P001872","F",1935-12-17
"P001873","F",1930-08-25
"P001874","M",1939-07-09
"P001875","F",1936-10-17
"P001876","M",1959-02-05
"P001877","F",1953-10-07
"P001878","F",1932-11-22
"P001879","M",1927-06-28
"P001880","M",1941-05-22
"P001881","F",1971-08-17
"P001882","M",1963-12-27
"P001883","M",1947-09-07
"P001884","M",1923-06-05
"P001885","M",1934-10-28
"P001886","F",1951-03-07
"P001887","F",1954-11-24
"P001888","M",1941-02-18
"P001889","M",1951-03-07
"P001890","M",1940-10-18
"P001891","M",1925-04-21
"P001892","M",1966-03-29
"P001893","M",1931-05-18
"P001894","M",1961-12-15
"P001895","M",1922-01-22
"P001896","M",1924-01-17
"P001897","M",1973-08-14
"P001898","F",1928-04-29
"P001899","F",1966-01-31
"P001900","M",1958-02-01
"P001901","F",1946-03-12
"P001902","M",1974-12-15
"P001903","F",1934-03-18
"P001904","F",1949-10-05
"P001905","F",1953-02-10
"P001906","M",1952-12-22
"P001907","M",1933-02-11
"P001908","M",1965-11-23
"P001909","M",1966-05-26
"P001910","M",1939-09-30
"P001911","M",1921-12-04
"P001912","M",1929-07-20
"P001913","F",1975-03-03
"P001914","F",1960-02-17
"P001915","F",1945-12-23
"P001916","M",1923-01-07
"P001917","M",1951-11-30
"P001918","F",1926-02-22
"P001919","F",1924-05-30
"P001920","M",1944-01-30
"P001921","F",1922-11-19
"P001922","M",1949-02-20
"P001923","M",1933-06-08
"P001924","F",1973-04-11
"P001925","F",1935-07-21
"P001926","M",1938-11-22
"P001927","F",1959-08-03
"P001928","M",1947-04-09
"P001929","M",1954-10-14
"P001930","F",1967-09-05
"P001931","F",1961-06-09
"P001932","M",1948-06-14
"P001933","M",1957-06-20
"P001934","M",1928-12-27
"P001935","F",1932-10-09
"P001936","M",1931-03-01
"P001937","M",1971-07-20
"P001938","F",1943-07-10
"P001939","F",1954-09-19
"P001940","F",1929-03-31
"P001941","F",1966-05-27
"P001942","M",1939-07-31
"P001943","F",1946-12-13
"P001944","M",1970-07-24
"P001945","F",1920-12-31
"P001946","M",1928-01-20
"P001947","F",1966-09-28
"P001948","F",1951-10-11
"P001949","M",1926-02-23
"P001950","F",1968-02-26
"P001951","M",1972-02-08
"P001952","F",1959-07-09
"P001953","M",1923-11-05
"P001954","F",1936-11-28
"P001955","M",1971-03-14
"P001956","F",1944-03-26
"P001957","M",1956-04-16
"P001958","F",1934-05-21
"P001959","F",1937-07-31
"P001960","F",1952-09-30
"P001961","M",1949-01-16
"P001962","F",1945-01-15
"P001963","F",1944-02-02
"P001964","F",1944-11-23
"P001965","M",1975-09-12
"P001966","F",1963-01-10
"P001967","M",1925-05-08
"P001968","F",1968-03-28
"P001969","M",1970-12-07
"P001970","M",1960-09-14
"P001971","F",1953-05-18
"P001972","M",1920-09-26
"P001973","F",1934-06-26
"P001974","F",1947-06-24
"P001975","F",1925-06-24
"P001976","F",1946-01-11
"P001977","F",1944-12-23
"P001978","F",1951-05-24
"P001979","F",1958-08-08
"P001980","M",1954-07-15
"P001981","M",1965-11-27
"P001982","M",1932-08-26
"P001983","F",1929-04-18
"P001984","F",1952-01-10
"P001985","F",1970-01-01
"P001986","M",1973-09-24
"P001987","M",1968-05-17
"P001988","F",1942-01-10
"P001989","F",1935-08-12
"P001990","M",1955-04-08
"P001991","M",1939-02-15
"P001992","M",1963-09-10
"P001993","M",1937-03-13
"P001994","M",1967-04-05
"P001995","F",1975-04-18
"P001996","F",1944-02-17
"P001997","F",1933-05-22
"P001998","M",1968-06-18
"P001999","F",1950-07-30
"P002000","M",1965-03-20
"P002001","F",1930-08-27
"P002002","F",1952-02-03
"P002003","F",1922-09-05
"P002004","M",1936-10-05
"P002005","M",1942-01-25
"P002006","M",1925-02-19
"P002007","F",1944-07-25
"P002008","F",1931-11-23
"P002009","M",1953-03-13
"P002010","F",1940-07-27
"P002011","F",1951-11-19
"P002012","M",1955-11-23
"P002013","M",1925-08-27
"P002014","M",1950-05-03
"P002015","F",1974-03-31
"P002016","M",1975-06-18
"P002017","F",1936-10-10
"P002018","M",1933-10-06
"P002019","F",1957-02-08
"P002020","F",1950-11-03
"P002021","M",1928-02-01
"P002022","F",1962-03-13
"P002023","F",1946-12-28
"P002024","F",1968-03-30
"P002025","F",1963-01-18
"P002026","M",1956-01-19
"P002027","M",1967-08-18
"P002028","M",1921-06-28
"P002029","F",1933-08-28
"P002030","F",1935-08-05
"P002031","M",1962-01-05
"P002032","M",1935-01-07
"P002033","F",1970-08-23
"P002034","F",1947-03-25
"P002035","F",1930-08-03
"P002036","F",1936-02-09
"P002037","F",1973-09-03
"P002038","F",1959-11-07
"P002039","M",1973-10-11
"P002040","F",1924-02-02
"P002041","M",1921-12-14
"P002042","M",1957-09-27
"P002043","F",1958-09-09
"P002044","F",1960-09-10
"P002045","M",1930-05-17
"P002046","F",1924-04-10
"P002047","F",1961-01-21
"P002048","M",1944-05-21
"P002049","F",1949-12-04
"P002050","F",1932-04-05
"P002051","M",1941-11-12
"P002052","M",1967-10-09
"P002053","M",1949-10-05
"P002054","M",1956-05-01
"P002055","M",1926-01-21
"P002056","M",1926-03-24
"P002057","M",1960-07-22
"P002058","F",1949-10-22
"P002059","M",1966-03-20
"P002060","M",1944-03-26
"P002061","F",1948-12-16
"P002062","M",1925-04-27
"P002063","M",1947-06-15
"P002064","M",1937-02-15
"P002065","M",1921-09-16
"P002066","M",1958-08-08
"P002067","F",1935-08-19
"P002068","M",1946-09-03
"P002069","M",1938-11-17
"P002070","M",1970-09-13
"P002071","M",1926-07-10
"P002072","M",1936-10-04
"P002073","M",1942-05-25
"P002074","M",1944-08-11
"P002075","F",1949-05-05
"P002076","F",1972-02-01
"P002077","F",1939-12-21
"P002078","M",1920-04-22
"P002079","F",1974-12-26
"P002080","F",1926-12-21
"P002081","M",1930-09-13
"P002082","F",1927-11-06
"P002083","F",1938-07-11
"P002084","M",1940-04-07
"P002085","F",1943-03-24
"P002086","M",1964-02-10
"P002087","M",1938-05-20
"P002088","F",1933-08-05
"P002089","F",1968-01-02
"P002090","F",1960-09-07
"P002091","F",1920-10-14
"P002092","F",1932-12-01
"P002093","F",1924-10-05
"P002094","M",1958-10-11
"P002095","M",1943-12-06
"P002096","F",1964-06-22
"P002097","F",1957-11-21
"P002098","F",1940-12-22
"P002099","F",1972-05-19
"P002100","M",1921-06-09
"P002101","M",1963-01-16
"P002102","M",1927-10-02
"P002103","F",1937-07-06
"P002104","M",1956-06-05
"P002105","M",1946-10-27
"P002106","M",1974-03-02
"P002107","F",1925-09-30
"P002108","M",1942-01-14
"P002109","F",1963-07-11
"P002110","M",1970-05-11
"P002111","M",1971-09-12
"P002112","F",1960-09-17
"P002113","F",1921-03-23
"P002114","M",1921-09-16
"P002115","M",1925-11-15
"P002116","M",1950-02-20
"P002117","F",1941-12-22
"P002118","M",1961-08-15
"P002119","F",1941-03-24
"P002120","F",1973-04-16
"P002121","M",1975-12-04
"P002122","F",1934-03-30
"P002123","F",1952-03-21
"P002124","M",1956-03-27
"P002125","M",1949-07-01
"P002126","F",1932-10-22
"P002127","F",1921-09-05
"P002128","F",1931-08-26
"P002129","M",1927-04-19
"P002130","M",1946-12-27
"P002131","F",1920-06-20
"P002132","F",1971-01-12
"P002133","F",1953-01-10
"P002134","M",1956-06-21
"P002135","F",1924-08-01
"P002136","M",1937-06-14
"P002137","M",1957-12-19
"P002138","M",1937-10-07
"P002139","M",1959-10-19
"P002140","F",1936-03-11
"P002141","F",1934-03-30
"P002142","M",1941-02-19
"P002143","M",1956-02-17
"P002144","F",1942-12-17
"P002145","M",1937-10-11
"P002146","M",1942-06-16
"P002147","F",1922-10-31
"P002148","F",1958-11-03
"P002149","F",1944-01-24
"P002150","M",1944-01-15
"P002151","F",1931-12-01
"P002152","F",1953-10-02
"P002153","M",1969-02-02
"P002154","F",1930-01-28
"P002155","F",1959-04-13
"P002156","M",1963-08-05
"P002157","M",1954-05-08
"P002158","M",1926-07-19
"P002159","M",1966-11-15
"P002160","F",1961-06-28
"P002161","F",1943-12-26
"P002162","M",1940-05-27
"P002163","F",1935-11-17
"P002164","F",1964-05-26
"P002165","M",1957-12-18
"P002166","M",1975-02-28
"P002167","M",1923-06-12
"P002168","M",1967-11-07
"P002169","M",1921-07-26
"P002170","F",1932-02-22
"P002171","M",1972-05-03
"P002172","M",1961-07-09
"P002173","M",1937-08-18
"P002174","M",1930-03-29
"P002175","F",1959-07-16
"P002176","M",1965-04-19
"P002177","M",1940-01-13
"P002178","F",1948-12-20
"P002179","F",1972-06-15
"P002180","M",1975-06-25
"P002181","M",1946-04-11
"P002182","F",1965-12-09
"P002183","F",1969-06-14
"P002184","M",1952-08-19
"P002185","F",1959-09-13
"P002186","M",1930-12-08
"P002187","F",1958-08-16
"P002188","F",1921-12-31
"P002189","M",1969-11-15
"P002190","F",1966-04-26
"P002191","F",1927-10-30
"P002192","M",1953-05-14
"P002193","M",1970-01-15
"P002194","M",1961-10-15
"P002195","F",1938-11-03
"P002196","M",1932-07-28
"P002197","M",1960-10-14
"P002198","F",1972-03-08
"P002199","F",1953-03-21
"P002200","M",1940-01-06
"P002201","M",1921-11-07
"P002202","F",1923-11-25
"P002203","M",1961-11-17
"P002204","F",1965-04-21
"P002205","F",1948-09-15
"P002206","M",1933-11-30
"P002207","M",1968-04-21
"P002208","F",1971-06-04
"P002209","M",1958-04-25
"P002210","F",1941-04-30
"P002211","M",1957-02-10
"P002212","F",1927-06-22
"P002213","M",1964-05-10
"P002214","F",1934-03-09
"P002215","M",1968-09-25
"P002216","M",1948-01-16
"P002217","M",1955-04-11
"P002218","M",1956-01-31
"P002219","F",1927-10-11
"P002220","F",1968-01-06
"P002221","M",1971-08-26
"P002222","M",1951-09-18
"P002223","M",1967-11-19
"P002224","F",1949-05-02
"P002225","M",1943-01-22
"P002226","F",1947-06-01
"P002227","M",1972-06-29
"P002228","M",1933-04-06
"P002229","F",1921-09-13
"P002230","F",1954-11-06
"P002231","M",1967-01-08
"P002232","F",1924-11-10
"P002233","F",1926-01-07
"P002234","F",1920-12-24
"P002235","F",1937-10-07
"P002236","F",1932-12-24
"P002237","M",1965-06-26
"P002238","M",1939-04-22
"P002239","M",1975-12-13
"P002240","M",1962-02-17
"P002241","F",1926-11-11
"P002242","F",1936-02-21
"P002243","M",1972-08-02
"P002244","M",1952-08-26
"P002245","M",1947-07-07
"P002246","F",1928-07-24
"P002247","M",1941-11-02
"P002248","F",1956-08-01
"P002249","M",1944-10-11
"P002250","F",1963-10-06
"P002251","F",1971-03-08
"P002252","F",1972-03-24
"P002253","M",1933-09-19
"P002254","M",1959-08-15
"P002255","M",1945-11-04
"P002256","M",1955-06-22
"P002257","M",1933-01-23
"P002258","M",1964-05-02
"P002259","F",1928-01-02
"P002260","M",1948-07-16
"P002261","M",1974-05-20
"P002262","M",1947-05-24
"P002263","M",1921-03-01
"P002264","M",1967-03-28
"P002265","F",1926-07-16
"P002266","F",1953-01-28
"P002267","M",1941-07-25
"P002268","M",1965-05-08
"P002269","F",1940-07-02
"P002270","F",1963-09-24
"P002271","M",1967-03-11
"P002272","F",1953-12-09
"P002273","M",1959-03-18
"P002274","M",1927-01-06
"P002275","F",1975-04-30
"P002276","F",1955-02-27
"P002277","M",1926-10-03
"P002278","F",1949-08-24
"P002279","M",1929-01-21
"P002280","F",1955-10-31
"P002281","F",1963-07-18
"P002282","M",1955-01-25
"P002283","F",1959-09-11
"P002284","F",1955-08-18
"P002285","M",1929-01-18
"P002286","M",1940-09-29
"P002287","F",1963-08-11
"P002288","F",1948-06-10
"P002289","M",1927-06-25
"P002290","M",1946-10-17
"P002291","F",1960-10-29
"P002292","M",1971-09-29
"P002293","F",1972-08-23
"P002294","M",1970-10-31
"P002295","F",1966-10-25
"P002296","F",1928-05-21
"P002297","M",1957-01-30
"P002298","F",1950-12-17
"P002299","M",1961-02-21
"P002300","M",1954-04-02
"P002301","F",1950-10-03
"P002302","M",1971-10-27
"P002303","M",1972-08-31
"P002304","M",1922-05-12
"P002305","F",1930-06-25
"P002306","M",1938-06-28
"P002307","M",1959-08-23
"P002308","M",1944-04-01
"P002309","F",1943-04-06
"P002310","F",1957-10-14
"P002311","M",1962-11-02
"P002312","F",1963-06-04
"P002313","M",1969-06-08
"P002314","F",1945-12-30
"P002315","F",1967-03-16
"P002316","M",1972-05-01
"P002317","F",1969-08-26
"P002318","F",1925-11-07
"P002319","M",1959-05-31
"P002320","M",1958-10-26
"P002321","M",1924-04-16
"P002322","M",1932-03-09
"P002323","M",1965-12-10
"P002324","F",1946-08-04
"P002325","F",1920-09-06
"P002326","F",1975-11-12
"P002327","M",1962-07-17
"P002328","M",1939-05-09
"P002329","F",1949-07-16
"P002330","M",1951-10-06
"P002331","F",1956-09-22
"P002332","M",1940-08-05
"P002333","M",1927-09-22
"P002334","M",1969-05-08
"P002335","M",1949-05-23
"P002336","F",1937-11-05
"P002337","M",1965-07-05
"P002338","F",1938-05-23
"P002339","M",1950-07-24
"P002340","F",1970-04-13
"P002341","F",1927-12-26
"P002342","M",1922-12-22
"P002343","M",1975-03-19
"P002344","M",1971-03-15
"P002345","M",1920-12-26
"P002346","F",1945-08-16
"P002347","M",1945-10-09
"P002348","M",1975-01-09
"P002349","M",1926-06-18
"P002350","F",1924-12-24
"P002351","M",1953-11-09
"P002352","M",1953-09-07
"P002353","M",1973-03-25
"P002354","F",1948-06-22
"P002355","F",1940-04-25
"P002356","M",1925-07-18
"P002357","F",1962-10-08
"P002358","F",1930-07-07
"P002359","M",1964-04-14
"P002360","M",1933-05-27
"P002361","M",1921-06-28
"P002362","M",1927-08-31
"P002363","M",1947-08-11
"P002364","M",1974-12-18
"P002365","F",1948-05-26
"P002366","F",1924-12-22
"P002367","F",1940-10-16
"P002368","M",1944-06-20
"P002369","F",1935-09-07
"P002370","F",1931-03-18
"P002371","M",1960-01-03
"P002372","F",1960-02-24
"P002373","F",1962-01-17
"P002374","M",1957-08-30
"P002375","M",1947-08-18
"P002376","F",1975-07-07
"P002377","F",1927-07-09
"P002378","F",1945-10-16
"P002379","M",1938-07-22
"P002380","M",1948-07-17
"P002381","M",1923-07-19
"P002382","F",1966-08-26
"P002383","F",1971-05-24
"P002384","F",1929-03-01
"P002385","F",1920-01-11
"P002386","M",1934-07-01
"P002387","M",1961-11-10
"P002388","F",1930-05-08
"P002389","M",1970-07-11
"P002390","M",1954-07-20
"P002391","M",1942-03-17
"P002392","F",1958-11-11
"P002393","M",1934-06-23
"P002394","F",1952-01-30
"P002395","F",1942-05-02
"P002396","M",1943-04-08
"P002397","M",1938-07-04
"P002398","F",1959-10-30
"P002399","F",1933-02-11
"P002400","M",1943-06-27
"P002401","M",1942-11-16
"P002402","M",1954-12-26
"P002403","M",1972-11-18
"P002404","M",1920-03-04
"P002405","M",1924-04-03
"P002406","M",1939-10-17
"P002407","M",1926-09-29
"P002408","F",1922-12-17
"P002409","M",1936-12-20
"P002410","F",1942-09-24
"P002411","F",1922-06-24
"P002412","M",1952-08-12
"P002413","M",1953-02-23
"P002414","F",1948-10-06
"P002415","M",1925-05-08
"P002416","M",1953-09-23
"P002417","F",1960-07-05
"P002418","M",1965-04-25
"P002419","F",1930-08-07
"P002420","F",1930-03-27
"P002421","M",1920-03-25
"P002422","M",1935-08-03
"P002423","M",1953-08-19
"P002424","M",1964-10-16
"P002425","M",1962-10-13
"P002426","M",1928-07-19
"P002427","M",1957-07-26
"P002428","F",1934-11-21
"P002429","F",1930-07-04
"P002430","F",1954-07-14
"P002431","F",1929-07-16
"P002432","M",1953-08-17
"P002433","M",1970-11-29
"P002434","F",1968-06-28
"P002435","F",1969-11-18
"P002436","F",1957-09-30
"P002437","F",1967-09-17
"P002438","M",1931-02-06
"P002439","M",1935-05-30
"P002440","M",1937-05-30
"P002441","F",1944-08-13
"P002442","M",1951-11-29
"P002443","F",1931-05-30
"P002444","M",1943-08-26
"P002445","M",1949-08-28
"P002446","F",1935-05-29
"P002447","M",1943-03-15
"P002448","F",1973-04-17
"P002449","M",1961-07-01
"P002450","M",1962-06-23
"P002451","M",1968-03-15
"P002452","F",1943-10-17
"P002453","M",1933-07-09
"P002454","M",1961-08-15
"P002455","M",1966-01-01
"P002456","M",1921-02-25
"P002457","M",1963-07-21
"P002458","F",1971-07-18
"P002459","M",1959-10-15
"P002460","M",1962-09-14
"P002461","M",1933-11-03
"P002462","M",1923-08-29
"P002463","F",1975-06-29
"P002464","M",1934-07-15
"P002465","M",1943-04-23
"P002466","F",1953-07-02
"P002467","M",1966-02-26
"P002468","M",1957-07-21
"P002469","F",1941-02-26
"P002470","M",1943-09-13
"P002471","M",1960-05-30
"P002472","F",1939-08-23
"P002473","F",1931-01-28
"P002474","M",1929-05-11
"P002475","M",1944-03-02
"P002476","M",1932-07-08
"P002477","M",1973-08-05
"P002478","M",1952-01-18
"P002479","F",1947-06-17
"P002480","M",1932-01-30
"P002481","M",1967-04-29
"P002482","M",1971-03-02
"P002483","M",1926-01-10
"P002484","M",1937-01-13
"P002485","M",1973-12-13
"P002486","F",1942-03-30
"P002487","M",1932-10-21
"P002488","F",1955-05-25
"P002489","F",1957-05-15
"P002490","M",1956-07-08
"P002491","F",1959-12-25
"P002492","F",1921-03-31
"P002493","M",1933-09-11
"P002494","M",1944-06-05
"P002495","F",1974-10-05
"P002496","F",1925-07-30
"P002497","M",1959-08-20
"P002498","M",1924-07-14
"P002499","F",1956-06-13
"P002500","M",1975-08-21
"P002501","M",1933-10-01
"P002502","M",1965-11-18
"P002503","M",1969-09-03
"P002504","M",1974-03-28
"P002505","F",1974-08-11
"P002506","F",1970-04-17
"P002507","F",1936-04-27
"P002508","M",1940-01-06
"P002509","F",1932-07-24
"P002510","M",1968-12-22
"P002511","F",1934-05-09
"P002512","F",1967-06-08
"P002513","M",1972-03-17
"P002514","M",1946-10-11
"P002515","M",1963-05-23
"P002516","F",1965-06-14
"P002517","F",1959-11-14
"P002518","F",1949-06-03
"P002519","F",1924-11-17
"P002520","M",1924-10-05
"P002521","F",1940-01-31
"P002522","F",1967-01-04
"P002523","F",1932-04-13
"P002524","F",1969-03-06
"P002525","F",1961-10-23
"P002526","M",1975-12-13
"P002527","F",1942-05-19
"P002528","F",1957-11-15
"P002529","F",1946-10-28
"P002530","M",1933-11-16
"P002531","F",1973-04-17
"P002532","F",1922-09-07
"P002533","F",1940-10-11
"P002534","M",1924-01-12
"P002535","M",1970-07-26
"P002536","M",1966-04-01
"P002537","F",1944-04-23
"P002538","F",1975-01-21
"P002539","F",1943-02-01
"P002540","M",1931-10-12
"P002541","M",1932-05-23
"P002542","F",1924-09-28
"P002543","F",1950-06-26
"P002544","M",1926-07-13
"P002545","M",1970-07-07
"P002546","M",1938-01-21
"P002547","M",1963-02-04
"P002548","M",1920-08-15
"P002549","M",1963-09-20
"P002550","M",1942-02-12
"P002551","M",1938-03-17
"P002552","F",1954-05-02
"P002553","M",1926-12-27
"P002554","M",1972-08-14
"P002555","M",1922-05-15
"P002556","M",1967-08-23
"P002557","M",1960-03-25
"P002558","F",1948-02-07
"P002559","F",1951-07-14
"P002560","M",1970-04-08
"P002561","F",1931-11-10
"P002562","M",1938-11-06
"P002563","M",1971-09-12
"P002564","F",1953-10-03
"P002565","F",1943-07-15
"P002566","F",1931-05-18
"P002567","M",1958-08-25
"P002568","M",1921-10-09
"P002569","M",1952-02-22
"P002570","F",1927-11-19
"P002571","F",1955-02-18
"P002572","M",1925-05-01
"P002573","M",1946-04-20
"P002574","M",1960-05-09
"P002575","F",1930-03-30
"P002576","M",1961-03-23
"P002577","F",1958-09-19
"P002578","F",1924-07-17
"P002579","F",1972-10-07
"P002580","M",1926-05-03
"P002581","M",1965-01-07
"P002582","F",1949-10-28
"P002583","F",1968-09-04
"P002584","M",1961-04-18
"P002585","M",1925-04-07
"P002586","F",1924-04-13
"P002587","M",1971-12-05
"P002588","F",1953-11-18
"P002589","M",1931-05-14
"P002590","F",1965-06-11
"P002591","F",1970-08-21
"P002592","F",1937-08-21
"P002593","M",1950-10-30
"P002594","M",1934-04-22
"P002595","M",1939-04-27
"P002596","F",1957-07-11
"P002597","M",1923-07-23
"P002598","M",1972-05-01
"P002599","F",1933-06-16
"P002600","F",1959-01-24
"P002601","F",1961-05-20
"P002602","M",1972-02-20
"P002603","F",1941-02-16
"P002604","M",1920-07-29
"P002605","F",1968-09-07
"P002606","M",1956-01-31
"P002607","M",1948-01-24
"P002608","M",1958-09-05
"P002609","F",1965-01-07
"P002610","M",1932-04-15
"P002611","M",1929-02-25
"P002612","M",1947-09-04
"P002613","M",1969-01-18
"P002614","M",1949-01-06
"P002615","M",1972-08-19
"P002616","F",1974-09-09
"P002617","M",1964-06-03
"P002618","M",1961-03-01
"P002619","F",1969-01-18
"P002620","M",1937-11-22
"P002621","M",1957-08-15
"P002622","M",1928-06-29
"P002623","M",1946-03-21
"P002624","M",1962-05-01
"P002625","F",1946-03-18
"P002626","M",1961-02-15
"P002627","F",1931-06-04
"P002628","M",1936-04-17
"P002629","F",1951-06-22
"P002630","M",1970-10-30
"P002631","M",1947-11-09
"P002632","F",1934-06-26
"P002633","M",1922-03-11
"P002634","M",1943-12-26
"P002635","F",1957-07-08
"P002636","M",1957-03-16
"P002637","M",1938-01-06
"P002638","F",1941-06-05
"P002639","F",1956-04-23
"P002640","M",1945-01-18
"P002641","F",1955-04-14
"P002642","F",1950-02-09
"P002643","M",1973-01-26
"P002644","F",1966-04-15
"P002645","M",1955-08-03
"P002646","F",1974-06-18
"P002647","M",1960-05-07
"P002648","M",1962-09-19
"P002649","F",1930-07-15
"P002650","F",1926-02-10
"P002651","F",1964-06-11
"P002652","F",1933-10-04
"P002653","F",1924-07-23
"P002654","F",1931-10-23
"P002655","M",1962-12-18
"P002656","F",1938-02-02
"P002657","M",1944-08-29
"P002658","M",1962-11-11
"P002659","F",1961-07-02
"P002660","M",1959-03-04
"P002661","M",1925-03-11
"P002662","M",1928-07-06
"P002663","F",1973-06-14
"P002664","M",1940-09-30
"P002665","F",1932-10-31
"P002666","M",1964-07-13
"P002667","M",1955-12-03
"P002668","F",1967-07-07
"P002669","M",1934-01-03
"P002670","M",1971-04-15
"P002671","M",1939-05-07
"P002672","F",1955-05-19
"P002673","F",1962-03-06
"P002674","F",1952-03-05
"P002675","M",1975-07-29
"P002676","F",1948-02-13
"P002677","M",1929-03-11
"P002678","M",1949-06-01
"P002679","M",1935-05-22
"P002680","F",1927-05-03
"P002681","M",1955-11-23
"P002682","F",1968-12-20
"P002683","M",1937-01-22
"P002684","M",1931-12-14
"P002685","M",1959-10-12
"P002686","F",1921-05-27
"P002687","F",1956-12-09
"P002688","M",1939-05-26
"P002689","F",1945-12-11
"P002690","F",1953-09-17
"P002691","M",1936-06-30
"P002692","M",1932-04-11
"P002693","F",1966-08-25
"P002694","M",1948-10-02
"P002695","M",1972-05-09
"P002696","M",1972-10-16
"P002697","F",1945-03-31
"P002698","M",1957-03-21
"P002699","M",1973-04-28
"P002700","M",1948-10-28
"P002701","F",1934-02-04
"P002702","F",1967-11-04
"P002703","F",1920-09-05
"P002704","M",1940-05-29
"P002705","M",1956-07-02
"P002706","F",1957-10-27
"P002707","M",1927-01-28
"P002708","F",1944-02-21
"P002709","F",1969-04-20
"P002710","M",1935-11-25
"P002711","F",1954-11-22
"P002712","F",1970-09-17
"P002713","M",1947-12-14
"P002714","M",1962-11-11
"P002715","M",1940-09-18
"P002716","M",1953-05-27
"P002717","M",1920-02-10
"P002718","F",1940-03-28
"P002719","F",1966-08-19
"P002720","M",1965-11-22
"P002721","F",1973-02-13
"P002722","F",1969-08-24
"P002723","M",1927-12-11
"P002724","F",1962-09-10
"P002725","F",1922-12-10
"P002726","F",1952-11-10
"P002727","F",1948-01-07
"P002728","F",1956-10-04
"P002729","F",1934-08-12
"P002730","F",1974-05-02
"P002731","F",1924-01-29
"P002732","M",1970-11-14
"P002733","M",1951-01-30
"P002734","F",1967-12-21
"P002735","F",1973-08-31
"P002736","M",1952-07-24
"P002737","F",1963-05-26
"P002738","F",1971-09-26
"P002739","F",1956-05-20
"P002740","F",1920-12-10
"P002741","M",1966-11-06
"P002742","M",1930-08-09
"P002743","M",1968-01-19
"P002744","M",1974-10-04
"P002745","M",1957-08-05
"P002746","M",1924-03-12
"P002747","M",1974-01-18
"P002748","M",1924-08-05
"P002749","M",1973-02-08
"P002750","M",1922-08-12
"P002751","F",1942-02-07
"P002752","F",1920-10-25
"P002753","M",1937-08-01
"P002754","M",1958-05-14
"P002755","F",1969-10-23
"P002756","F",1962-10-13
"P002757","M",1961-09-10
"P002758","F",1962-11-09
"P002759","F",1945-04-23
"P002760","M",1951-04-01
"P002761","M",1933-07-07
"P002762","M",1921-11-25
"P002763","M",1938-02-22
"P002764","F",1946-03-31
"P002765","M",1931-10-16
"P002766","M",1936-07-10
"P002767","F",1934-06-26
"P002768","M",1948-01-10
"P002769","F",1935-03-11
"P002770","M",1957-03-21
"P002771","M",1934-12-20
"P002772","M",1956-01-30
"P002773","F",1932-09-25
"P002774","F",1941-04-18
"P002775","M",1924-06-10
"P002776","M",1956-10-12
"P002777","M",1969-11-08
"P002778","F",1974-04-21
"P002779","M",1935-09-12
"P002780","F",1935-01-02
"P002781","M",1937-09-18
"P002782","M",1960-05-25
"P002783","F",1921-11-20
"P002784","M",1958-03-14
"P002785","F",1958-01-13
"P002786","F",1931-06-12
"P002787","F",1932-06-09
"P002788","M",1953-08-28
"P002789","F",1956-07-30
"P002790","M",1975-12-02
"P002791","F",1959-02-10
"P002792","F",1927-06-14
"P002793","M",1949-08-14
"P002794","M",1935-02-12
"P002795","M",1975-08-31
"P002796","F",1928-10-23
"P002797","M",1949-03-26
"P002798","M",1973-03-04
"P002799","M",1932-02-17
"P002800","F",1935-02-17
"P002801","F",1933-12-15
"P002802","F",1933-06-12
"P002803","M",1939-12-31
"P002804","M",1923-05-18
"P002805","M",1931-01-07
"P002806","M",1970-01-27
"P002807","M",1956-09-22
"P002808","M",1949-08-22
"P002809","M",1947-12-08
"P002810","F",1970-09-28
"P002811","F",1950-11-05
"P002812","M",1975-02-19
"P002813","M",1921-04-10
"P002814","F",1965-02-24
"P002815","M",1940-04-28
"P002816","F",1943-10-30
"P002817","M",1932-09-09
"P002818","F",1933-03-23
"P002819","M",1934-11-29
"P002820","M",1933-08-03
"P002821","F",1975-06-03
"P002822","M",1965-01-29
"P002823","F",1920-11-13
"P002824","M",1963-09-14
"P002825","F",1949-06-02
"P002826","M",1955-06-11
"P002827","M",1952-12-31
"P002828","M",1963-01-28
"P002829","F",1937-08-17
"P002830","M",1957-12-14
"P002831","F",1923-02-20
"P002832","F",1955-04-29
"P002833","F",1951-11-16
"P002834","M",1975-04-04
"P002835","M",1966-03-22
"P002836","F",1952-06-28
"P002837","F",1950-07-10
"P002838","M",1965-05-22
"P002839","F",1928-04-01
"P002840","M",1937-01-25
"P002841","M",1926-07-05
"P002842","M",1965-11-12
"P002843","F",1934-06-30
"P002844","M",1967-12-05
"P002845","F",1924-04-12
"P002846","M",1926-08-01
"P002847","F",1943-10-11
"P002848","M",1952-03-27
"P002849","M",1946-01-14
"P002850","M",1923-08-13
"P002851","M",1942-12-13
"P002852","M",1971-04-22
"P002853","M",1954-08-08
"P002854","F",1937-05-10
"P002855","F",1933-04-18
"P002856","M",1946-10-13
"P002857","F",1967-08-31
"P002858","M",1955-12-03
"P002859","F",1948-11-02
"P002860","M",1973-12-12
"P002861","M",1942-05-27
"P002862","F",1935-12-10
"P002863","F",1934-04-10
"P002864","M",1929-06-23
"P002865","M",1938-01-24
"P002866","M",1949-03-26
"P002867","M",1965-09-29
"P002868","M",1947-02-15
"P002869","M",1923-11-29
"P002870","M",1935-04-17
"P002871","M",1960-05-19
"P002872","M",1948-01-14
"P002873","F",1956-02-28
"P002874","F",1956-04-10
"P002875","M",1947-02-06
"P002876","M",1961-10-01
"P002877","M",1966-10-11
"P002878","F",1949-12-22
"P002879","F",1927-06-23
"P002880","M",1931-05-25
"P002881","M",1926-01-23
"P002882","F",1932-08-05
"P002883","M",1950-01-20
"P002884","M",1939-03-08
"P002885","F",1927-11-26
"P002886","M",1923-11-09
"P002887","M",1964-08-29
"P002888","M",1956-04-10
"P002889","M",1924-05-10
"P002890","M",1925-02-06
"P002891","F",1931-04-02
"P002892","F",1952-10-07
"P002893","M",1968-06-18
"P002894","M",1952-10-09
"P002895","M",1920-01-07
"P002896","M",1942-10-07
"P002897","M",1957-01-12
"P002898","M",1934-02-13
"P002899","M",1926-02-28
"P002900","F",1968-05-16
"P002901","M",1941-10-11
"P002902","M",1946-07-08
"P002903","F",1966-07-12
"P002904","M",1933-10-24
"P002905","F",1932-07-31
"P002906","M",1966-06-20
"P002907","M",1959-10-22
"P002908","F",1941-03-23
"P002909","F",1945-02-23
"P002910","M",1953-03-17
"P002911","M",1964-05-03
"P002912","M",1921-09-19
"P002913","F",1925-10-29
"P002914","F",1925-11-15
"P002915","F",1924-01-12
"P002916","M",1947-10-23
"P002917","F",1925-12-03
"P002918","M",1926-09-24
"P002919","M",1944-06-17
"P002920","F",1939-12-21
"P002921","M",1974-10-24
"P002922","F",1928-10-11
"P002923","M",1938-11-16
"P002924","F",1929-10-13
"P002925","F",1957-12-11
"P002926","F",1973-02-25
"P002927","F",1966-11-22
"P002928","M",1940-09-01
"P002929","M",1963-01-05
"P002930","F",1929-12-06
"P002931","M",1967-10-21
"P002932","F",1943-03-08
"P002933","F",1932-11-18
"P002934","M",1952-04-04
"P002935","F",1927-03-02
"P002936","M",1950-11-10
"P002937","M",1971-01-14
"P002938","M",1939-03-14
"P002939","M",1957-12-27
"P002940","M",1964-12-28
"P002941","F",1961-01-22
"P002942","M",1932-04-01
"P002943","F",1934-08-18
"P002944","F",1960-08-03
"P002945","M",1953-03-27
"P002946","F",1928-07-21
"P002947","F",1972-06-08
"P002948","M",1967-03-24
"P002949","M",1942-05-14
"P002950","M",1975-10-04
"P002951","F",1971-02-16
"P002952","M",1942-03-20
"P002953","M",1945-04-07
"P002954","M",1933-08-11
"P002955","F",1975-06-09
"P002956","M",1944-07-25
"P002957","F",1948-09-21
"P002958","M",1935-10-07
"P002959","F",1960-09-07
"P002960","M",1962-06-19
"P002961","F",1940-04-21
"P002962","M",1937-03-10
"P002963","F",1926-12-18
"P002964","M",1948-01-31
"P002965","M",1958-08-29
"P002966","F",1942-12-12
"P002967","M",1970-02-16
"P002968","F",1928-06-28
"P002969","F",1945-05-05
"P002970","M",1960-03-23
"P002971","M",1944-10-09
"P002972","F",1952-11-25
"P002973","F",1974-01-25
"P002974","F",1921-06-03
"P002975","M",1946-11-25
"P002976","F",1922-08-09
"P002977","F",1944-03-10
"P002978","F",1935-07-27
"P002979","M",1926-02-27
"P002980","F",1959-05-20
"P002981","M",1947-11-24
"P002982","F",1936-08-27
"P002983","M",1965-04-04
"P002984","F",1968-10-07
"P002985","M",1975-10-27
"P002986","F",1955-06-26
"P002987","M",1949-02-18
"P002988","M",1940-12-09
"P002989","M",1935-10-13
"P002990","M",1945-11-07
"P002991","F",1957-04-23
"P002992","M",1956-01-12
"P002993","M",1941-03-10
"P002994","M",1965-01-23
"P002995","F",1939-06-06
"P002996","F",1923-11-07
"P002997","M",1930-08-20
"P002998","F",1960-03-08
"P002999","F",1937-05-06
"P003000","M",1959-11-04
